
DIO_6.elf:     file format elf32-avr

Sections:
Idx Name          Size      VMA       LMA       File off  Algn
  0 .text         00002f68  00000000  00000000  00000094  2**1
                  CONTENTS, ALLOC, LOAD, READONLY, CODE
  1 .data         0000012a  00800060  00002f68  00002ffc  2**0
                  CONTENTS, ALLOC, LOAD, DATA
  2 .bss          00000015  0080018a  0080018a  00003126  2**0
                  ALLOC
  3 .stab         000025e0  00000000  00000000  00003128  2**2
                  CONTENTS, READONLY, DEBUGGING
  4 .stabstr      00001009  00000000  00000000  00005708  2**0
                  CONTENTS, READONLY, DEBUGGING
  5 .debug_aranges 000001c0  00000000  00000000  00006711  2**0
                  CONTENTS, READONLY, DEBUGGING
  6 .debug_pubnames 0000020f  00000000  00000000  000068d1  2**0
                  CONTENTS, READONLY, DEBUGGING
  7 .debug_info   0000250d  00000000  00000000  00006ae0  2**0
                  CONTENTS, READONLY, DEBUGGING
  8 .debug_abbrev 00001424  00000000  00000000  00008fed  2**0
                  CONTENTS, READONLY, DEBUGGING
  9 .debug_line   000011a7  00000000  00000000  0000a411  2**0
                  CONTENTS, READONLY, DEBUGGING
 10 .debug_frame  000001e0  00000000  00000000  0000b5b8  2**2
                  CONTENTS, READONLY, DEBUGGING
 11 .debug_str    000002d1  00000000  00000000  0000b798  2**0
                  CONTENTS, READONLY, DEBUGGING
 12 .debug_loc    00000926  00000000  00000000  0000ba69  2**0
                  CONTENTS, READONLY, DEBUGGING
 13 .debug_ranges 00000050  00000000  00000000  0000c38f  2**0
                  CONTENTS, READONLY, DEBUGGING

Disassembly of section .text:

00000000 <__vectors>:
       0:	0c 94 2a 00 	jmp	0x54	; 0x54 <__ctors_end>
       4:	0c 94 c6 10 	jmp	0x218c	; 0x218c <__vector_1>
       8:	0c 94 f3 10 	jmp	0x21e6	; 0x21e6 <__vector_2>
       c:	0c 94 20 11 	jmp	0x2240	; 0x2240 <__vector_3>
      10:	0c 94 47 00 	jmp	0x8e	; 0x8e <__bad_interrupt>
      14:	0c 94 47 00 	jmp	0x8e	; 0x8e <__bad_interrupt>
      18:	0c 94 47 00 	jmp	0x8e	; 0x8e <__bad_interrupt>
      1c:	0c 94 47 00 	jmp	0x8e	; 0x8e <__bad_interrupt>
      20:	0c 94 47 00 	jmp	0x8e	; 0x8e <__bad_interrupt>
      24:	0c 94 47 00 	jmp	0x8e	; 0x8e <__bad_interrupt>
      28:	0c 94 87 0d 	jmp	0x1b0e	; 0x1b0e <__vector_10>
      2c:	0c 94 47 00 	jmp	0x8e	; 0x8e <__bad_interrupt>
      30:	0c 94 47 00 	jmp	0x8e	; 0x8e <__bad_interrupt>
      34:	0c 94 47 00 	jmp	0x8e	; 0x8e <__bad_interrupt>
      38:	0c 94 47 00 	jmp	0x8e	; 0x8e <__bad_interrupt>
      3c:	0c 94 47 00 	jmp	0x8e	; 0x8e <__bad_interrupt>
      40:	0c 94 47 00 	jmp	0x8e	; 0x8e <__bad_interrupt>
      44:	0c 94 47 00 	jmp	0x8e	; 0x8e <__bad_interrupt>
      48:	0c 94 47 00 	jmp	0x8e	; 0x8e <__bad_interrupt>
      4c:	0c 94 47 00 	jmp	0x8e	; 0x8e <__bad_interrupt>
      50:	0c 94 47 00 	jmp	0x8e	; 0x8e <__bad_interrupt>

00000054 <__ctors_end>:
      54:	11 24       	eor	r1, r1
      56:	1f be       	out	0x3f, r1	; 63
      58:	cf e5       	ldi	r28, 0x5F	; 95
      5a:	d4 e0       	ldi	r29, 0x04	; 4
      5c:	de bf       	out	0x3e, r29	; 62
      5e:	cd bf       	out	0x3d, r28	; 61

00000060 <__do_copy_data>:
      60:	11 e0       	ldi	r17, 0x01	; 1
      62:	a0 e6       	ldi	r26, 0x60	; 96
      64:	b0 e0       	ldi	r27, 0x00	; 0
      66:	e8 e6       	ldi	r30, 0x68	; 104
      68:	ff e2       	ldi	r31, 0x2F	; 47
      6a:	02 c0       	rjmp	.+4      	; 0x70 <.do_copy_data_start>

0000006c <.do_copy_data_loop>:
      6c:	05 90       	lpm	r0, Z+
      6e:	0d 92       	st	X+, r0

00000070 <.do_copy_data_start>:
      70:	aa 38       	cpi	r26, 0x8A	; 138
      72:	b1 07       	cpc	r27, r17
      74:	d9 f7       	brne	.-10     	; 0x6c <.do_copy_data_loop>

00000076 <__do_clear_bss>:
      76:	11 e0       	ldi	r17, 0x01	; 1
      78:	aa e8       	ldi	r26, 0x8A	; 138
      7a:	b1 e0       	ldi	r27, 0x01	; 1
      7c:	01 c0       	rjmp	.+2      	; 0x80 <.do_clear_bss_start>

0000007e <.do_clear_bss_loop>:
      7e:	1d 92       	st	X+, r1

00000080 <.do_clear_bss_start>:
      80:	af 39       	cpi	r26, 0x9F	; 159
      82:	b1 07       	cpc	r27, r17
      84:	e1 f7       	brne	.-8      	; 0x7e <.do_clear_bss_loop>
      86:	0e 94 1b 12 	call	0x2436	; 0x2436 <main>
      8a:	0c 94 b2 17 	jmp	0x2f64	; 0x2f64 <_exit>

0000008e <__bad_interrupt>:
      8e:	0c 94 00 00 	jmp	0	; 0x0 <__vectors>

00000092 <__fixunssfsi>:
      92:	ef 92       	push	r14
      94:	ff 92       	push	r15
      96:	0f 93       	push	r16
      98:	1f 93       	push	r17
      9a:	7b 01       	movw	r14, r22
      9c:	8c 01       	movw	r16, r24
      9e:	20 e0       	ldi	r18, 0x00	; 0
      a0:	30 e0       	ldi	r19, 0x00	; 0
      a2:	40 e0       	ldi	r20, 0x00	; 0
      a4:	5f e4       	ldi	r21, 0x4F	; 79
      a6:	0e 94 a9 03 	call	0x752	; 0x752 <__gesf2>
      aa:	88 23       	and	r24, r24
      ac:	8c f0       	brlt	.+34     	; 0xd0 <__fixunssfsi+0x3e>
      ae:	c8 01       	movw	r24, r16
      b0:	b7 01       	movw	r22, r14
      b2:	20 e0       	ldi	r18, 0x00	; 0
      b4:	30 e0       	ldi	r19, 0x00	; 0
      b6:	40 e0       	ldi	r20, 0x00	; 0
      b8:	5f e4       	ldi	r21, 0x4F	; 79
      ba:	0e 94 c1 01 	call	0x382	; 0x382 <__subsf3>
      be:	0e 94 09 04 	call	0x812	; 0x812 <__fixsfsi>
      c2:	9b 01       	movw	r18, r22
      c4:	ac 01       	movw	r20, r24
      c6:	20 50       	subi	r18, 0x00	; 0
      c8:	30 40       	sbci	r19, 0x00	; 0
      ca:	40 40       	sbci	r20, 0x00	; 0
      cc:	50 48       	sbci	r21, 0x80	; 128
      ce:	06 c0       	rjmp	.+12     	; 0xdc <__fixunssfsi+0x4a>
      d0:	c8 01       	movw	r24, r16
      d2:	b7 01       	movw	r22, r14
      d4:	0e 94 09 04 	call	0x812	; 0x812 <__fixsfsi>
      d8:	9b 01       	movw	r18, r22
      da:	ac 01       	movw	r20, r24
      dc:	b9 01       	movw	r22, r18
      de:	ca 01       	movw	r24, r20
      e0:	1f 91       	pop	r17
      e2:	0f 91       	pop	r16
      e4:	ff 90       	pop	r15
      e6:	ef 90       	pop	r14
      e8:	08 95       	ret

000000ea <_fpadd_parts>:
      ea:	a0 e0       	ldi	r26, 0x00	; 0
      ec:	b0 e0       	ldi	r27, 0x00	; 0
      ee:	eb e7       	ldi	r30, 0x7B	; 123
      f0:	f0 e0       	ldi	r31, 0x00	; 0
      f2:	0c 94 7b 17 	jmp	0x2ef6	; 0x2ef6 <__prologue_saves__>
      f6:	dc 01       	movw	r26, r24
      f8:	2b 01       	movw	r4, r22
      fa:	fa 01       	movw	r30, r20
      fc:	9c 91       	ld	r25, X
      fe:	92 30       	cpi	r25, 0x02	; 2
     100:	08 f4       	brcc	.+2      	; 0x104 <_fpadd_parts+0x1a>
     102:	39 c1       	rjmp	.+626    	; 0x376 <_fpadd_parts+0x28c>
     104:	eb 01       	movw	r28, r22
     106:	88 81       	ld	r24, Y
     108:	82 30       	cpi	r24, 0x02	; 2
     10a:	08 f4       	brcc	.+2      	; 0x10e <_fpadd_parts+0x24>
     10c:	33 c1       	rjmp	.+614    	; 0x374 <_fpadd_parts+0x28a>
     10e:	94 30       	cpi	r25, 0x04	; 4
     110:	69 f4       	brne	.+26     	; 0x12c <_fpadd_parts+0x42>
     112:	84 30       	cpi	r24, 0x04	; 4
     114:	09 f0       	breq	.+2      	; 0x118 <_fpadd_parts+0x2e>
     116:	2f c1       	rjmp	.+606    	; 0x376 <_fpadd_parts+0x28c>
     118:	11 96       	adiw	r26, 0x01	; 1
     11a:	9c 91       	ld	r25, X
     11c:	11 97       	sbiw	r26, 0x01	; 1
     11e:	89 81       	ldd	r24, Y+1	; 0x01
     120:	98 17       	cp	r25, r24
     122:	09 f4       	brne	.+2      	; 0x126 <_fpadd_parts+0x3c>
     124:	28 c1       	rjmp	.+592    	; 0x376 <_fpadd_parts+0x28c>
     126:	a0 e6       	ldi	r26, 0x60	; 96
     128:	b0 e0       	ldi	r27, 0x00	; 0
     12a:	25 c1       	rjmp	.+586    	; 0x376 <_fpadd_parts+0x28c>
     12c:	84 30       	cpi	r24, 0x04	; 4
     12e:	09 f4       	brne	.+2      	; 0x132 <_fpadd_parts+0x48>
     130:	21 c1       	rjmp	.+578    	; 0x374 <_fpadd_parts+0x28a>
     132:	82 30       	cpi	r24, 0x02	; 2
     134:	a9 f4       	brne	.+42     	; 0x160 <_fpadd_parts+0x76>
     136:	92 30       	cpi	r25, 0x02	; 2
     138:	09 f0       	breq	.+2      	; 0x13c <_fpadd_parts+0x52>
     13a:	1d c1       	rjmp	.+570    	; 0x376 <_fpadd_parts+0x28c>
     13c:	9a 01       	movw	r18, r20
     13e:	ad 01       	movw	r20, r26
     140:	88 e0       	ldi	r24, 0x08	; 8
     142:	ea 01       	movw	r28, r20
     144:	09 90       	ld	r0, Y+
     146:	ae 01       	movw	r20, r28
     148:	e9 01       	movw	r28, r18
     14a:	09 92       	st	Y+, r0
     14c:	9e 01       	movw	r18, r28
     14e:	81 50       	subi	r24, 0x01	; 1
     150:	c1 f7       	brne	.-16     	; 0x142 <_fpadd_parts+0x58>
     152:	e2 01       	movw	r28, r4
     154:	89 81       	ldd	r24, Y+1	; 0x01
     156:	11 96       	adiw	r26, 0x01	; 1
     158:	9c 91       	ld	r25, X
     15a:	89 23       	and	r24, r25
     15c:	81 83       	std	Z+1, r24	; 0x01
     15e:	08 c1       	rjmp	.+528    	; 0x370 <_fpadd_parts+0x286>
     160:	92 30       	cpi	r25, 0x02	; 2
     162:	09 f4       	brne	.+2      	; 0x166 <_fpadd_parts+0x7c>
     164:	07 c1       	rjmp	.+526    	; 0x374 <_fpadd_parts+0x28a>
     166:	12 96       	adiw	r26, 0x02	; 2
     168:	2d 90       	ld	r2, X+
     16a:	3c 90       	ld	r3, X
     16c:	13 97       	sbiw	r26, 0x03	; 3
     16e:	eb 01       	movw	r28, r22
     170:	8a 81       	ldd	r24, Y+2	; 0x02
     172:	9b 81       	ldd	r25, Y+3	; 0x03
     174:	14 96       	adiw	r26, 0x04	; 4
     176:	ad 90       	ld	r10, X+
     178:	bd 90       	ld	r11, X+
     17a:	cd 90       	ld	r12, X+
     17c:	dc 90       	ld	r13, X
     17e:	17 97       	sbiw	r26, 0x07	; 7
     180:	ec 80       	ldd	r14, Y+4	; 0x04
     182:	fd 80       	ldd	r15, Y+5	; 0x05
     184:	0e 81       	ldd	r16, Y+6	; 0x06
     186:	1f 81       	ldd	r17, Y+7	; 0x07
     188:	91 01       	movw	r18, r2
     18a:	28 1b       	sub	r18, r24
     18c:	39 0b       	sbc	r19, r25
     18e:	b9 01       	movw	r22, r18
     190:	37 ff       	sbrs	r19, 7
     192:	04 c0       	rjmp	.+8      	; 0x19c <_fpadd_parts+0xb2>
     194:	66 27       	eor	r22, r22
     196:	77 27       	eor	r23, r23
     198:	62 1b       	sub	r22, r18
     19a:	73 0b       	sbc	r23, r19
     19c:	60 32       	cpi	r22, 0x20	; 32
     19e:	71 05       	cpc	r23, r1
     1a0:	0c f0       	brlt	.+2      	; 0x1a4 <_fpadd_parts+0xba>
     1a2:	61 c0       	rjmp	.+194    	; 0x266 <_fpadd_parts+0x17c>
     1a4:	12 16       	cp	r1, r18
     1a6:	13 06       	cpc	r1, r19
     1a8:	6c f5       	brge	.+90     	; 0x204 <_fpadd_parts+0x11a>
     1aa:	37 01       	movw	r6, r14
     1ac:	48 01       	movw	r8, r16
     1ae:	06 2e       	mov	r0, r22
     1b0:	04 c0       	rjmp	.+8      	; 0x1ba <_fpadd_parts+0xd0>
     1b2:	96 94       	lsr	r9
     1b4:	87 94       	ror	r8
     1b6:	77 94       	ror	r7
     1b8:	67 94       	ror	r6
     1ba:	0a 94       	dec	r0
     1bc:	d2 f7       	brpl	.-12     	; 0x1b2 <_fpadd_parts+0xc8>
     1be:	21 e0       	ldi	r18, 0x01	; 1
     1c0:	30 e0       	ldi	r19, 0x00	; 0
     1c2:	40 e0       	ldi	r20, 0x00	; 0
     1c4:	50 e0       	ldi	r21, 0x00	; 0
     1c6:	04 c0       	rjmp	.+8      	; 0x1d0 <_fpadd_parts+0xe6>
     1c8:	22 0f       	add	r18, r18
     1ca:	33 1f       	adc	r19, r19
     1cc:	44 1f       	adc	r20, r20
     1ce:	55 1f       	adc	r21, r21
     1d0:	6a 95       	dec	r22
     1d2:	d2 f7       	brpl	.-12     	; 0x1c8 <_fpadd_parts+0xde>
     1d4:	21 50       	subi	r18, 0x01	; 1
     1d6:	30 40       	sbci	r19, 0x00	; 0
     1d8:	40 40       	sbci	r20, 0x00	; 0
     1da:	50 40       	sbci	r21, 0x00	; 0
     1dc:	2e 21       	and	r18, r14
     1de:	3f 21       	and	r19, r15
     1e0:	40 23       	and	r20, r16
     1e2:	51 23       	and	r21, r17
     1e4:	21 15       	cp	r18, r1
     1e6:	31 05       	cpc	r19, r1
     1e8:	41 05       	cpc	r20, r1
     1ea:	51 05       	cpc	r21, r1
     1ec:	21 f0       	breq	.+8      	; 0x1f6 <_fpadd_parts+0x10c>
     1ee:	21 e0       	ldi	r18, 0x01	; 1
     1f0:	30 e0       	ldi	r19, 0x00	; 0
     1f2:	40 e0       	ldi	r20, 0x00	; 0
     1f4:	50 e0       	ldi	r21, 0x00	; 0
     1f6:	79 01       	movw	r14, r18
     1f8:	8a 01       	movw	r16, r20
     1fa:	e6 28       	or	r14, r6
     1fc:	f7 28       	or	r15, r7
     1fe:	08 29       	or	r16, r8
     200:	19 29       	or	r17, r9
     202:	3c c0       	rjmp	.+120    	; 0x27c <_fpadd_parts+0x192>
     204:	23 2b       	or	r18, r19
     206:	d1 f1       	breq	.+116    	; 0x27c <_fpadd_parts+0x192>
     208:	26 0e       	add	r2, r22
     20a:	37 1e       	adc	r3, r23
     20c:	35 01       	movw	r6, r10
     20e:	46 01       	movw	r8, r12
     210:	06 2e       	mov	r0, r22
     212:	04 c0       	rjmp	.+8      	; 0x21c <_fpadd_parts+0x132>
     214:	96 94       	lsr	r9
     216:	87 94       	ror	r8
     218:	77 94       	ror	r7
     21a:	67 94       	ror	r6
     21c:	0a 94       	dec	r0
     21e:	d2 f7       	brpl	.-12     	; 0x214 <_fpadd_parts+0x12a>
     220:	21 e0       	ldi	r18, 0x01	; 1
     222:	30 e0       	ldi	r19, 0x00	; 0
     224:	40 e0       	ldi	r20, 0x00	; 0
     226:	50 e0       	ldi	r21, 0x00	; 0
     228:	04 c0       	rjmp	.+8      	; 0x232 <_fpadd_parts+0x148>
     22a:	22 0f       	add	r18, r18
     22c:	33 1f       	adc	r19, r19
     22e:	44 1f       	adc	r20, r20
     230:	55 1f       	adc	r21, r21
     232:	6a 95       	dec	r22
     234:	d2 f7       	brpl	.-12     	; 0x22a <_fpadd_parts+0x140>
     236:	21 50       	subi	r18, 0x01	; 1
     238:	30 40       	sbci	r19, 0x00	; 0
     23a:	40 40       	sbci	r20, 0x00	; 0
     23c:	50 40       	sbci	r21, 0x00	; 0
     23e:	2a 21       	and	r18, r10
     240:	3b 21       	and	r19, r11
     242:	4c 21       	and	r20, r12
     244:	5d 21       	and	r21, r13
     246:	21 15       	cp	r18, r1
     248:	31 05       	cpc	r19, r1
     24a:	41 05       	cpc	r20, r1
     24c:	51 05       	cpc	r21, r1
     24e:	21 f0       	breq	.+8      	; 0x258 <_fpadd_parts+0x16e>
     250:	21 e0       	ldi	r18, 0x01	; 1
     252:	30 e0       	ldi	r19, 0x00	; 0
     254:	40 e0       	ldi	r20, 0x00	; 0
     256:	50 e0       	ldi	r21, 0x00	; 0
     258:	59 01       	movw	r10, r18
     25a:	6a 01       	movw	r12, r20
     25c:	a6 28       	or	r10, r6
     25e:	b7 28       	or	r11, r7
     260:	c8 28       	or	r12, r8
     262:	d9 28       	or	r13, r9
     264:	0b c0       	rjmp	.+22     	; 0x27c <_fpadd_parts+0x192>
     266:	82 15       	cp	r24, r2
     268:	93 05       	cpc	r25, r3
     26a:	2c f0       	brlt	.+10     	; 0x276 <_fpadd_parts+0x18c>
     26c:	1c 01       	movw	r2, r24
     26e:	aa 24       	eor	r10, r10
     270:	bb 24       	eor	r11, r11
     272:	65 01       	movw	r12, r10
     274:	03 c0       	rjmp	.+6      	; 0x27c <_fpadd_parts+0x192>
     276:	ee 24       	eor	r14, r14
     278:	ff 24       	eor	r15, r15
     27a:	87 01       	movw	r16, r14
     27c:	11 96       	adiw	r26, 0x01	; 1
     27e:	9c 91       	ld	r25, X
     280:	d2 01       	movw	r26, r4
     282:	11 96       	adiw	r26, 0x01	; 1
     284:	8c 91       	ld	r24, X
     286:	98 17       	cp	r25, r24
     288:	09 f4       	brne	.+2      	; 0x28c <_fpadd_parts+0x1a2>
     28a:	45 c0       	rjmp	.+138    	; 0x316 <_fpadd_parts+0x22c>
     28c:	99 23       	and	r25, r25
     28e:	39 f0       	breq	.+14     	; 0x29e <_fpadd_parts+0x1b4>
     290:	a8 01       	movw	r20, r16
     292:	97 01       	movw	r18, r14
     294:	2a 19       	sub	r18, r10
     296:	3b 09       	sbc	r19, r11
     298:	4c 09       	sbc	r20, r12
     29a:	5d 09       	sbc	r21, r13
     29c:	06 c0       	rjmp	.+12     	; 0x2aa <_fpadd_parts+0x1c0>
     29e:	a6 01       	movw	r20, r12
     2a0:	95 01       	movw	r18, r10
     2a2:	2e 19       	sub	r18, r14
     2a4:	3f 09       	sbc	r19, r15
     2a6:	40 0b       	sbc	r20, r16
     2a8:	51 0b       	sbc	r21, r17
     2aa:	57 fd       	sbrc	r21, 7
     2ac:	08 c0       	rjmp	.+16     	; 0x2be <_fpadd_parts+0x1d4>
     2ae:	11 82       	std	Z+1, r1	; 0x01
     2b0:	33 82       	std	Z+3, r3	; 0x03
     2b2:	22 82       	std	Z+2, r2	; 0x02
     2b4:	24 83       	std	Z+4, r18	; 0x04
     2b6:	35 83       	std	Z+5, r19	; 0x05
     2b8:	46 83       	std	Z+6, r20	; 0x06
     2ba:	57 83       	std	Z+7, r21	; 0x07
     2bc:	1d c0       	rjmp	.+58     	; 0x2f8 <_fpadd_parts+0x20e>
     2be:	81 e0       	ldi	r24, 0x01	; 1
     2c0:	81 83       	std	Z+1, r24	; 0x01
     2c2:	33 82       	std	Z+3, r3	; 0x03
     2c4:	22 82       	std	Z+2, r2	; 0x02
     2c6:	88 27       	eor	r24, r24
     2c8:	99 27       	eor	r25, r25
     2ca:	dc 01       	movw	r26, r24
     2cc:	82 1b       	sub	r24, r18
     2ce:	93 0b       	sbc	r25, r19
     2d0:	a4 0b       	sbc	r26, r20
     2d2:	b5 0b       	sbc	r27, r21
     2d4:	84 83       	std	Z+4, r24	; 0x04
     2d6:	95 83       	std	Z+5, r25	; 0x05
     2d8:	a6 83       	std	Z+6, r26	; 0x06
     2da:	b7 83       	std	Z+7, r27	; 0x07
     2dc:	0d c0       	rjmp	.+26     	; 0x2f8 <_fpadd_parts+0x20e>
     2de:	22 0f       	add	r18, r18
     2e0:	33 1f       	adc	r19, r19
     2e2:	44 1f       	adc	r20, r20
     2e4:	55 1f       	adc	r21, r21
     2e6:	24 83       	std	Z+4, r18	; 0x04
     2e8:	35 83       	std	Z+5, r19	; 0x05
     2ea:	46 83       	std	Z+6, r20	; 0x06
     2ec:	57 83       	std	Z+7, r21	; 0x07
     2ee:	82 81       	ldd	r24, Z+2	; 0x02
     2f0:	93 81       	ldd	r25, Z+3	; 0x03
     2f2:	01 97       	sbiw	r24, 0x01	; 1
     2f4:	93 83       	std	Z+3, r25	; 0x03
     2f6:	82 83       	std	Z+2, r24	; 0x02
     2f8:	24 81       	ldd	r18, Z+4	; 0x04
     2fa:	35 81       	ldd	r19, Z+5	; 0x05
     2fc:	46 81       	ldd	r20, Z+6	; 0x06
     2fe:	57 81       	ldd	r21, Z+7	; 0x07
     300:	da 01       	movw	r26, r20
     302:	c9 01       	movw	r24, r18
     304:	01 97       	sbiw	r24, 0x01	; 1
     306:	a1 09       	sbc	r26, r1
     308:	b1 09       	sbc	r27, r1
     30a:	8f 5f       	subi	r24, 0xFF	; 255
     30c:	9f 4f       	sbci	r25, 0xFF	; 255
     30e:	af 4f       	sbci	r26, 0xFF	; 255
     310:	bf 43       	sbci	r27, 0x3F	; 63
     312:	28 f3       	brcs	.-54     	; 0x2de <_fpadd_parts+0x1f4>
     314:	0b c0       	rjmp	.+22     	; 0x32c <_fpadd_parts+0x242>
     316:	91 83       	std	Z+1, r25	; 0x01
     318:	33 82       	std	Z+3, r3	; 0x03
     31a:	22 82       	std	Z+2, r2	; 0x02
     31c:	ea 0c       	add	r14, r10
     31e:	fb 1c       	adc	r15, r11
     320:	0c 1d       	adc	r16, r12
     322:	1d 1d       	adc	r17, r13
     324:	e4 82       	std	Z+4, r14	; 0x04
     326:	f5 82       	std	Z+5, r15	; 0x05
     328:	06 83       	std	Z+6, r16	; 0x06
     32a:	17 83       	std	Z+7, r17	; 0x07
     32c:	83 e0       	ldi	r24, 0x03	; 3
     32e:	80 83       	st	Z, r24
     330:	24 81       	ldd	r18, Z+4	; 0x04
     332:	35 81       	ldd	r19, Z+5	; 0x05
     334:	46 81       	ldd	r20, Z+6	; 0x06
     336:	57 81       	ldd	r21, Z+7	; 0x07
     338:	57 ff       	sbrs	r21, 7
     33a:	1a c0       	rjmp	.+52     	; 0x370 <_fpadd_parts+0x286>
     33c:	c9 01       	movw	r24, r18
     33e:	aa 27       	eor	r26, r26
     340:	97 fd       	sbrc	r25, 7
     342:	a0 95       	com	r26
     344:	ba 2f       	mov	r27, r26
     346:	81 70       	andi	r24, 0x01	; 1
     348:	90 70       	andi	r25, 0x00	; 0
     34a:	a0 70       	andi	r26, 0x00	; 0
     34c:	b0 70       	andi	r27, 0x00	; 0
     34e:	56 95       	lsr	r21
     350:	47 95       	ror	r20
     352:	37 95       	ror	r19
     354:	27 95       	ror	r18
     356:	82 2b       	or	r24, r18
     358:	93 2b       	or	r25, r19
     35a:	a4 2b       	or	r26, r20
     35c:	b5 2b       	or	r27, r21
     35e:	84 83       	std	Z+4, r24	; 0x04
     360:	95 83       	std	Z+5, r25	; 0x05
     362:	a6 83       	std	Z+6, r26	; 0x06
     364:	b7 83       	std	Z+7, r27	; 0x07
     366:	82 81       	ldd	r24, Z+2	; 0x02
     368:	93 81       	ldd	r25, Z+3	; 0x03
     36a:	01 96       	adiw	r24, 0x01	; 1
     36c:	93 83       	std	Z+3, r25	; 0x03
     36e:	82 83       	std	Z+2, r24	; 0x02
     370:	df 01       	movw	r26, r30
     372:	01 c0       	rjmp	.+2      	; 0x376 <_fpadd_parts+0x28c>
     374:	d2 01       	movw	r26, r4
     376:	cd 01       	movw	r24, r26
     378:	cd b7       	in	r28, 0x3d	; 61
     37a:	de b7       	in	r29, 0x3e	; 62
     37c:	e2 e1       	ldi	r30, 0x12	; 18
     37e:	0c 94 97 17 	jmp	0x2f2e	; 0x2f2e <__epilogue_restores__>

00000382 <__subsf3>:
     382:	a0 e2       	ldi	r26, 0x20	; 32
     384:	b0 e0       	ldi	r27, 0x00	; 0
     386:	e7 ec       	ldi	r30, 0xC7	; 199
     388:	f1 e0       	ldi	r31, 0x01	; 1
     38a:	0c 94 87 17 	jmp	0x2f0e	; 0x2f0e <__prologue_saves__+0x18>
     38e:	69 83       	std	Y+1, r22	; 0x01
     390:	7a 83       	std	Y+2, r23	; 0x02
     392:	8b 83       	std	Y+3, r24	; 0x03
     394:	9c 83       	std	Y+4, r25	; 0x04
     396:	2d 83       	std	Y+5, r18	; 0x05
     398:	3e 83       	std	Y+6, r19	; 0x06
     39a:	4f 83       	std	Y+7, r20	; 0x07
     39c:	58 87       	std	Y+8, r21	; 0x08
     39e:	e9 e0       	ldi	r30, 0x09	; 9
     3a0:	ee 2e       	mov	r14, r30
     3a2:	f1 2c       	mov	r15, r1
     3a4:	ec 0e       	add	r14, r28
     3a6:	fd 1e       	adc	r15, r29
     3a8:	ce 01       	movw	r24, r28
     3aa:	01 96       	adiw	r24, 0x01	; 1
     3ac:	b7 01       	movw	r22, r14
     3ae:	0e 94 fa 05 	call	0xbf4	; 0xbf4 <__unpack_f>
     3b2:	8e 01       	movw	r16, r28
     3b4:	0f 5e       	subi	r16, 0xEF	; 239
     3b6:	1f 4f       	sbci	r17, 0xFF	; 255
     3b8:	ce 01       	movw	r24, r28
     3ba:	05 96       	adiw	r24, 0x05	; 5
     3bc:	b8 01       	movw	r22, r16
     3be:	0e 94 fa 05 	call	0xbf4	; 0xbf4 <__unpack_f>
     3c2:	8a 89       	ldd	r24, Y+18	; 0x12
     3c4:	91 e0       	ldi	r25, 0x01	; 1
     3c6:	89 27       	eor	r24, r25
     3c8:	8a 8b       	std	Y+18, r24	; 0x12
     3ca:	c7 01       	movw	r24, r14
     3cc:	b8 01       	movw	r22, r16
     3ce:	ae 01       	movw	r20, r28
     3d0:	47 5e       	subi	r20, 0xE7	; 231
     3d2:	5f 4f       	sbci	r21, 0xFF	; 255
     3d4:	0e 94 75 00 	call	0xea	; 0xea <_fpadd_parts>
     3d8:	0e 94 25 05 	call	0xa4a	; 0xa4a <__pack_f>
     3dc:	a0 96       	adiw	r28, 0x20	; 32
     3de:	e6 e0       	ldi	r30, 0x06	; 6
     3e0:	0c 94 a3 17 	jmp	0x2f46	; 0x2f46 <__epilogue_restores__+0x18>

000003e4 <__addsf3>:
     3e4:	a0 e2       	ldi	r26, 0x20	; 32
     3e6:	b0 e0       	ldi	r27, 0x00	; 0
     3e8:	e8 ef       	ldi	r30, 0xF8	; 248
     3ea:	f1 e0       	ldi	r31, 0x01	; 1
     3ec:	0c 94 87 17 	jmp	0x2f0e	; 0x2f0e <__prologue_saves__+0x18>
     3f0:	69 83       	std	Y+1, r22	; 0x01
     3f2:	7a 83       	std	Y+2, r23	; 0x02
     3f4:	8b 83       	std	Y+3, r24	; 0x03
     3f6:	9c 83       	std	Y+4, r25	; 0x04
     3f8:	2d 83       	std	Y+5, r18	; 0x05
     3fa:	3e 83       	std	Y+6, r19	; 0x06
     3fc:	4f 83       	std	Y+7, r20	; 0x07
     3fe:	58 87       	std	Y+8, r21	; 0x08
     400:	f9 e0       	ldi	r31, 0x09	; 9
     402:	ef 2e       	mov	r14, r31
     404:	f1 2c       	mov	r15, r1
     406:	ec 0e       	add	r14, r28
     408:	fd 1e       	adc	r15, r29
     40a:	ce 01       	movw	r24, r28
     40c:	01 96       	adiw	r24, 0x01	; 1
     40e:	b7 01       	movw	r22, r14
     410:	0e 94 fa 05 	call	0xbf4	; 0xbf4 <__unpack_f>
     414:	8e 01       	movw	r16, r28
     416:	0f 5e       	subi	r16, 0xEF	; 239
     418:	1f 4f       	sbci	r17, 0xFF	; 255
     41a:	ce 01       	movw	r24, r28
     41c:	05 96       	adiw	r24, 0x05	; 5
     41e:	b8 01       	movw	r22, r16
     420:	0e 94 fa 05 	call	0xbf4	; 0xbf4 <__unpack_f>
     424:	c7 01       	movw	r24, r14
     426:	b8 01       	movw	r22, r16
     428:	ae 01       	movw	r20, r28
     42a:	47 5e       	subi	r20, 0xE7	; 231
     42c:	5f 4f       	sbci	r21, 0xFF	; 255
     42e:	0e 94 75 00 	call	0xea	; 0xea <_fpadd_parts>
     432:	0e 94 25 05 	call	0xa4a	; 0xa4a <__pack_f>
     436:	a0 96       	adiw	r28, 0x20	; 32
     438:	e6 e0       	ldi	r30, 0x06	; 6
     43a:	0c 94 a3 17 	jmp	0x2f46	; 0x2f46 <__epilogue_restores__+0x18>

0000043e <__mulsf3>:
     43e:	a0 e2       	ldi	r26, 0x20	; 32
     440:	b0 e0       	ldi	r27, 0x00	; 0
     442:	e5 e2       	ldi	r30, 0x25	; 37
     444:	f2 e0       	ldi	r31, 0x02	; 2
     446:	0c 94 7b 17 	jmp	0x2ef6	; 0x2ef6 <__prologue_saves__>
     44a:	69 83       	std	Y+1, r22	; 0x01
     44c:	7a 83       	std	Y+2, r23	; 0x02
     44e:	8b 83       	std	Y+3, r24	; 0x03
     450:	9c 83       	std	Y+4, r25	; 0x04
     452:	2d 83       	std	Y+5, r18	; 0x05
     454:	3e 83       	std	Y+6, r19	; 0x06
     456:	4f 83       	std	Y+7, r20	; 0x07
     458:	58 87       	std	Y+8, r21	; 0x08
     45a:	ce 01       	movw	r24, r28
     45c:	01 96       	adiw	r24, 0x01	; 1
     45e:	be 01       	movw	r22, r28
     460:	67 5f       	subi	r22, 0xF7	; 247
     462:	7f 4f       	sbci	r23, 0xFF	; 255
     464:	0e 94 fa 05 	call	0xbf4	; 0xbf4 <__unpack_f>
     468:	ce 01       	movw	r24, r28
     46a:	05 96       	adiw	r24, 0x05	; 5
     46c:	be 01       	movw	r22, r28
     46e:	6f 5e       	subi	r22, 0xEF	; 239
     470:	7f 4f       	sbci	r23, 0xFF	; 255
     472:	0e 94 fa 05 	call	0xbf4	; 0xbf4 <__unpack_f>
     476:	99 85       	ldd	r25, Y+9	; 0x09
     478:	92 30       	cpi	r25, 0x02	; 2
     47a:	88 f0       	brcs	.+34     	; 0x49e <__stack+0x3f>
     47c:	89 89       	ldd	r24, Y+17	; 0x11
     47e:	82 30       	cpi	r24, 0x02	; 2
     480:	c8 f0       	brcs	.+50     	; 0x4b4 <__stack+0x55>
     482:	94 30       	cpi	r25, 0x04	; 4
     484:	19 f4       	brne	.+6      	; 0x48c <__stack+0x2d>
     486:	82 30       	cpi	r24, 0x02	; 2
     488:	51 f4       	brne	.+20     	; 0x49e <__stack+0x3f>
     48a:	04 c0       	rjmp	.+8      	; 0x494 <__stack+0x35>
     48c:	84 30       	cpi	r24, 0x04	; 4
     48e:	29 f4       	brne	.+10     	; 0x49a <__stack+0x3b>
     490:	92 30       	cpi	r25, 0x02	; 2
     492:	81 f4       	brne	.+32     	; 0x4b4 <__stack+0x55>
     494:	80 e6       	ldi	r24, 0x60	; 96
     496:	90 e0       	ldi	r25, 0x00	; 0
     498:	c6 c0       	rjmp	.+396    	; 0x626 <__stack+0x1c7>
     49a:	92 30       	cpi	r25, 0x02	; 2
     49c:	49 f4       	brne	.+18     	; 0x4b0 <__stack+0x51>
     49e:	20 e0       	ldi	r18, 0x00	; 0
     4a0:	9a 85       	ldd	r25, Y+10	; 0x0a
     4a2:	8a 89       	ldd	r24, Y+18	; 0x12
     4a4:	98 13       	cpse	r25, r24
     4a6:	21 e0       	ldi	r18, 0x01	; 1
     4a8:	2a 87       	std	Y+10, r18	; 0x0a
     4aa:	ce 01       	movw	r24, r28
     4ac:	09 96       	adiw	r24, 0x09	; 9
     4ae:	bb c0       	rjmp	.+374    	; 0x626 <__stack+0x1c7>
     4b0:	82 30       	cpi	r24, 0x02	; 2
     4b2:	49 f4       	brne	.+18     	; 0x4c6 <__stack+0x67>
     4b4:	20 e0       	ldi	r18, 0x00	; 0
     4b6:	9a 85       	ldd	r25, Y+10	; 0x0a
     4b8:	8a 89       	ldd	r24, Y+18	; 0x12
     4ba:	98 13       	cpse	r25, r24
     4bc:	21 e0       	ldi	r18, 0x01	; 1
     4be:	2a 8b       	std	Y+18, r18	; 0x12
     4c0:	ce 01       	movw	r24, r28
     4c2:	41 96       	adiw	r24, 0x11	; 17
     4c4:	b0 c0       	rjmp	.+352    	; 0x626 <__stack+0x1c7>
     4c6:	2d 84       	ldd	r2, Y+13	; 0x0d
     4c8:	3e 84       	ldd	r3, Y+14	; 0x0e
     4ca:	4f 84       	ldd	r4, Y+15	; 0x0f
     4cc:	58 88       	ldd	r5, Y+16	; 0x10
     4ce:	6d 88       	ldd	r6, Y+21	; 0x15
     4d0:	7e 88       	ldd	r7, Y+22	; 0x16
     4d2:	8f 88       	ldd	r8, Y+23	; 0x17
     4d4:	98 8c       	ldd	r9, Y+24	; 0x18
     4d6:	ee 24       	eor	r14, r14
     4d8:	ff 24       	eor	r15, r15
     4da:	87 01       	movw	r16, r14
     4dc:	aa 24       	eor	r10, r10
     4de:	bb 24       	eor	r11, r11
     4e0:	65 01       	movw	r12, r10
     4e2:	40 e0       	ldi	r20, 0x00	; 0
     4e4:	50 e0       	ldi	r21, 0x00	; 0
     4e6:	60 e0       	ldi	r22, 0x00	; 0
     4e8:	70 e0       	ldi	r23, 0x00	; 0
     4ea:	e0 e0       	ldi	r30, 0x00	; 0
     4ec:	f0 e0       	ldi	r31, 0x00	; 0
     4ee:	c1 01       	movw	r24, r2
     4f0:	81 70       	andi	r24, 0x01	; 1
     4f2:	90 70       	andi	r25, 0x00	; 0
     4f4:	89 2b       	or	r24, r25
     4f6:	e9 f0       	breq	.+58     	; 0x532 <__stack+0xd3>
     4f8:	e6 0c       	add	r14, r6
     4fa:	f7 1c       	adc	r15, r7
     4fc:	08 1d       	adc	r16, r8
     4fe:	19 1d       	adc	r17, r9
     500:	9a 01       	movw	r18, r20
     502:	ab 01       	movw	r20, r22
     504:	2a 0d       	add	r18, r10
     506:	3b 1d       	adc	r19, r11
     508:	4c 1d       	adc	r20, r12
     50a:	5d 1d       	adc	r21, r13
     50c:	80 e0       	ldi	r24, 0x00	; 0
     50e:	90 e0       	ldi	r25, 0x00	; 0
     510:	a0 e0       	ldi	r26, 0x00	; 0
     512:	b0 e0       	ldi	r27, 0x00	; 0
     514:	e6 14       	cp	r14, r6
     516:	f7 04       	cpc	r15, r7
     518:	08 05       	cpc	r16, r8
     51a:	19 05       	cpc	r17, r9
     51c:	20 f4       	brcc	.+8      	; 0x526 <__stack+0xc7>
     51e:	81 e0       	ldi	r24, 0x01	; 1
     520:	90 e0       	ldi	r25, 0x00	; 0
     522:	a0 e0       	ldi	r26, 0x00	; 0
     524:	b0 e0       	ldi	r27, 0x00	; 0
     526:	ba 01       	movw	r22, r20
     528:	a9 01       	movw	r20, r18
     52a:	48 0f       	add	r20, r24
     52c:	59 1f       	adc	r21, r25
     52e:	6a 1f       	adc	r22, r26
     530:	7b 1f       	adc	r23, r27
     532:	aa 0c       	add	r10, r10
     534:	bb 1c       	adc	r11, r11
     536:	cc 1c       	adc	r12, r12
     538:	dd 1c       	adc	r13, r13
     53a:	97 fe       	sbrs	r9, 7
     53c:	08 c0       	rjmp	.+16     	; 0x54e <__stack+0xef>
     53e:	81 e0       	ldi	r24, 0x01	; 1
     540:	90 e0       	ldi	r25, 0x00	; 0
     542:	a0 e0       	ldi	r26, 0x00	; 0
     544:	b0 e0       	ldi	r27, 0x00	; 0
     546:	a8 2a       	or	r10, r24
     548:	b9 2a       	or	r11, r25
     54a:	ca 2a       	or	r12, r26
     54c:	db 2a       	or	r13, r27
     54e:	31 96       	adiw	r30, 0x01	; 1
     550:	e0 32       	cpi	r30, 0x20	; 32
     552:	f1 05       	cpc	r31, r1
     554:	49 f0       	breq	.+18     	; 0x568 <__stack+0x109>
     556:	66 0c       	add	r6, r6
     558:	77 1c       	adc	r7, r7
     55a:	88 1c       	adc	r8, r8
     55c:	99 1c       	adc	r9, r9
     55e:	56 94       	lsr	r5
     560:	47 94       	ror	r4
     562:	37 94       	ror	r3
     564:	27 94       	ror	r2
     566:	c3 cf       	rjmp	.-122    	; 0x4ee <__stack+0x8f>
     568:	fa 85       	ldd	r31, Y+10	; 0x0a
     56a:	ea 89       	ldd	r30, Y+18	; 0x12
     56c:	2b 89       	ldd	r18, Y+19	; 0x13
     56e:	3c 89       	ldd	r19, Y+20	; 0x14
     570:	8b 85       	ldd	r24, Y+11	; 0x0b
     572:	9c 85       	ldd	r25, Y+12	; 0x0c
     574:	28 0f       	add	r18, r24
     576:	39 1f       	adc	r19, r25
     578:	2e 5f       	subi	r18, 0xFE	; 254
     57a:	3f 4f       	sbci	r19, 0xFF	; 255
     57c:	17 c0       	rjmp	.+46     	; 0x5ac <__stack+0x14d>
     57e:	ca 01       	movw	r24, r20
     580:	81 70       	andi	r24, 0x01	; 1
     582:	90 70       	andi	r25, 0x00	; 0
     584:	89 2b       	or	r24, r25
     586:	61 f0       	breq	.+24     	; 0x5a0 <__stack+0x141>
     588:	16 95       	lsr	r17
     58a:	07 95       	ror	r16
     58c:	f7 94       	ror	r15
     58e:	e7 94       	ror	r14
     590:	80 e0       	ldi	r24, 0x00	; 0
     592:	90 e0       	ldi	r25, 0x00	; 0
     594:	a0 e0       	ldi	r26, 0x00	; 0
     596:	b0 e8       	ldi	r27, 0x80	; 128
     598:	e8 2a       	or	r14, r24
     59a:	f9 2a       	or	r15, r25
     59c:	0a 2b       	or	r16, r26
     59e:	1b 2b       	or	r17, r27
     5a0:	76 95       	lsr	r23
     5a2:	67 95       	ror	r22
     5a4:	57 95       	ror	r21
     5a6:	47 95       	ror	r20
     5a8:	2f 5f       	subi	r18, 0xFF	; 255
     5aa:	3f 4f       	sbci	r19, 0xFF	; 255
     5ac:	77 fd       	sbrc	r23, 7
     5ae:	e7 cf       	rjmp	.-50     	; 0x57e <__stack+0x11f>
     5b0:	0c c0       	rjmp	.+24     	; 0x5ca <__stack+0x16b>
     5b2:	44 0f       	add	r20, r20
     5b4:	55 1f       	adc	r21, r21
     5b6:	66 1f       	adc	r22, r22
     5b8:	77 1f       	adc	r23, r23
     5ba:	17 fd       	sbrc	r17, 7
     5bc:	41 60       	ori	r20, 0x01	; 1
     5be:	ee 0c       	add	r14, r14
     5c0:	ff 1c       	adc	r15, r15
     5c2:	00 1f       	adc	r16, r16
     5c4:	11 1f       	adc	r17, r17
     5c6:	21 50       	subi	r18, 0x01	; 1
     5c8:	30 40       	sbci	r19, 0x00	; 0
     5ca:	40 30       	cpi	r20, 0x00	; 0
     5cc:	90 e0       	ldi	r25, 0x00	; 0
     5ce:	59 07       	cpc	r21, r25
     5d0:	90 e0       	ldi	r25, 0x00	; 0
     5d2:	69 07       	cpc	r22, r25
     5d4:	90 e4       	ldi	r25, 0x40	; 64
     5d6:	79 07       	cpc	r23, r25
     5d8:	60 f3       	brcs	.-40     	; 0x5b2 <__stack+0x153>
     5da:	2b 8f       	std	Y+27, r18	; 0x1b
     5dc:	3c 8f       	std	Y+28, r19	; 0x1c
     5de:	db 01       	movw	r26, r22
     5e0:	ca 01       	movw	r24, r20
     5e2:	8f 77       	andi	r24, 0x7F	; 127
     5e4:	90 70       	andi	r25, 0x00	; 0
     5e6:	a0 70       	andi	r26, 0x00	; 0
     5e8:	b0 70       	andi	r27, 0x00	; 0
     5ea:	80 34       	cpi	r24, 0x40	; 64
     5ec:	91 05       	cpc	r25, r1
     5ee:	a1 05       	cpc	r26, r1
     5f0:	b1 05       	cpc	r27, r1
     5f2:	61 f4       	brne	.+24     	; 0x60c <__stack+0x1ad>
     5f4:	47 fd       	sbrc	r20, 7
     5f6:	0a c0       	rjmp	.+20     	; 0x60c <__stack+0x1ad>
     5f8:	e1 14       	cp	r14, r1
     5fa:	f1 04       	cpc	r15, r1
     5fc:	01 05       	cpc	r16, r1
     5fe:	11 05       	cpc	r17, r1
     600:	29 f0       	breq	.+10     	; 0x60c <__stack+0x1ad>
     602:	40 5c       	subi	r20, 0xC0	; 192
     604:	5f 4f       	sbci	r21, 0xFF	; 255
     606:	6f 4f       	sbci	r22, 0xFF	; 255
     608:	7f 4f       	sbci	r23, 0xFF	; 255
     60a:	40 78       	andi	r20, 0x80	; 128
     60c:	1a 8e       	std	Y+26, r1	; 0x1a
     60e:	fe 17       	cp	r31, r30
     610:	11 f0       	breq	.+4      	; 0x616 <__stack+0x1b7>
     612:	81 e0       	ldi	r24, 0x01	; 1
     614:	8a 8f       	std	Y+26, r24	; 0x1a
     616:	4d 8f       	std	Y+29, r20	; 0x1d
     618:	5e 8f       	std	Y+30, r21	; 0x1e
     61a:	6f 8f       	std	Y+31, r22	; 0x1f
     61c:	78 a3       	std	Y+32, r23	; 0x20
     61e:	83 e0       	ldi	r24, 0x03	; 3
     620:	89 8f       	std	Y+25, r24	; 0x19
     622:	ce 01       	movw	r24, r28
     624:	49 96       	adiw	r24, 0x19	; 25
     626:	0e 94 25 05 	call	0xa4a	; 0xa4a <__pack_f>
     62a:	a0 96       	adiw	r28, 0x20	; 32
     62c:	e2 e1       	ldi	r30, 0x12	; 18
     62e:	0c 94 97 17 	jmp	0x2f2e	; 0x2f2e <__epilogue_restores__>

00000632 <__eqsf2>:
     632:	a8 e1       	ldi	r26, 0x18	; 24
     634:	b0 e0       	ldi	r27, 0x00	; 0
     636:	ef e1       	ldi	r30, 0x1F	; 31
     638:	f3 e0       	ldi	r31, 0x03	; 3
     63a:	0c 94 87 17 	jmp	0x2f0e	; 0x2f0e <__prologue_saves__+0x18>
     63e:	69 83       	std	Y+1, r22	; 0x01
     640:	7a 83       	std	Y+2, r23	; 0x02
     642:	8b 83       	std	Y+3, r24	; 0x03
     644:	9c 83       	std	Y+4, r25	; 0x04
     646:	2d 83       	std	Y+5, r18	; 0x05
     648:	3e 83       	std	Y+6, r19	; 0x06
     64a:	4f 83       	std	Y+7, r20	; 0x07
     64c:	58 87       	std	Y+8, r21	; 0x08
     64e:	89 e0       	ldi	r24, 0x09	; 9
     650:	e8 2e       	mov	r14, r24
     652:	f1 2c       	mov	r15, r1
     654:	ec 0e       	add	r14, r28
     656:	fd 1e       	adc	r15, r29
     658:	ce 01       	movw	r24, r28
     65a:	01 96       	adiw	r24, 0x01	; 1
     65c:	b7 01       	movw	r22, r14
     65e:	0e 94 fa 05 	call	0xbf4	; 0xbf4 <__unpack_f>
     662:	8e 01       	movw	r16, r28
     664:	0f 5e       	subi	r16, 0xEF	; 239
     666:	1f 4f       	sbci	r17, 0xFF	; 255
     668:	ce 01       	movw	r24, r28
     66a:	05 96       	adiw	r24, 0x05	; 5
     66c:	b8 01       	movw	r22, r16
     66e:	0e 94 fa 05 	call	0xbf4	; 0xbf4 <__unpack_f>
     672:	89 85       	ldd	r24, Y+9	; 0x09
     674:	82 30       	cpi	r24, 0x02	; 2
     676:	40 f0       	brcs	.+16     	; 0x688 <__eqsf2+0x56>
     678:	89 89       	ldd	r24, Y+17	; 0x11
     67a:	82 30       	cpi	r24, 0x02	; 2
     67c:	28 f0       	brcs	.+10     	; 0x688 <__eqsf2+0x56>
     67e:	c7 01       	movw	r24, r14
     680:	b8 01       	movw	r22, r16
     682:	0e 94 72 06 	call	0xce4	; 0xce4 <__fpcmp_parts_f>
     686:	01 c0       	rjmp	.+2      	; 0x68a <__eqsf2+0x58>
     688:	81 e0       	ldi	r24, 0x01	; 1
     68a:	68 96       	adiw	r28, 0x18	; 24
     68c:	e6 e0       	ldi	r30, 0x06	; 6
     68e:	0c 94 a3 17 	jmp	0x2f46	; 0x2f46 <__epilogue_restores__+0x18>

00000692 <__nesf2>:
     692:	a8 e1       	ldi	r26, 0x18	; 24
     694:	b0 e0       	ldi	r27, 0x00	; 0
     696:	ef e4       	ldi	r30, 0x4F	; 79
     698:	f3 e0       	ldi	r31, 0x03	; 3
     69a:	0c 94 87 17 	jmp	0x2f0e	; 0x2f0e <__prologue_saves__+0x18>
     69e:	69 83       	std	Y+1, r22	; 0x01
     6a0:	7a 83       	std	Y+2, r23	; 0x02
     6a2:	8b 83       	std	Y+3, r24	; 0x03
     6a4:	9c 83       	std	Y+4, r25	; 0x04
     6a6:	2d 83       	std	Y+5, r18	; 0x05
     6a8:	3e 83       	std	Y+6, r19	; 0x06
     6aa:	4f 83       	std	Y+7, r20	; 0x07
     6ac:	58 87       	std	Y+8, r21	; 0x08
     6ae:	89 e0       	ldi	r24, 0x09	; 9
     6b0:	e8 2e       	mov	r14, r24
     6b2:	f1 2c       	mov	r15, r1
     6b4:	ec 0e       	add	r14, r28
     6b6:	fd 1e       	adc	r15, r29
     6b8:	ce 01       	movw	r24, r28
     6ba:	01 96       	adiw	r24, 0x01	; 1
     6bc:	b7 01       	movw	r22, r14
     6be:	0e 94 fa 05 	call	0xbf4	; 0xbf4 <__unpack_f>
     6c2:	8e 01       	movw	r16, r28
     6c4:	0f 5e       	subi	r16, 0xEF	; 239
     6c6:	1f 4f       	sbci	r17, 0xFF	; 255
     6c8:	ce 01       	movw	r24, r28
     6ca:	05 96       	adiw	r24, 0x05	; 5
     6cc:	b8 01       	movw	r22, r16
     6ce:	0e 94 fa 05 	call	0xbf4	; 0xbf4 <__unpack_f>
     6d2:	89 85       	ldd	r24, Y+9	; 0x09
     6d4:	82 30       	cpi	r24, 0x02	; 2
     6d6:	40 f0       	brcs	.+16     	; 0x6e8 <__nesf2+0x56>
     6d8:	89 89       	ldd	r24, Y+17	; 0x11
     6da:	82 30       	cpi	r24, 0x02	; 2
     6dc:	28 f0       	brcs	.+10     	; 0x6e8 <__nesf2+0x56>
     6de:	c7 01       	movw	r24, r14
     6e0:	b8 01       	movw	r22, r16
     6e2:	0e 94 72 06 	call	0xce4	; 0xce4 <__fpcmp_parts_f>
     6e6:	01 c0       	rjmp	.+2      	; 0x6ea <__nesf2+0x58>
     6e8:	81 e0       	ldi	r24, 0x01	; 1
     6ea:	68 96       	adiw	r28, 0x18	; 24
     6ec:	e6 e0       	ldi	r30, 0x06	; 6
     6ee:	0c 94 a3 17 	jmp	0x2f46	; 0x2f46 <__epilogue_restores__+0x18>

000006f2 <__gtsf2>:
     6f2:	a8 e1       	ldi	r26, 0x18	; 24
     6f4:	b0 e0       	ldi	r27, 0x00	; 0
     6f6:	ef e7       	ldi	r30, 0x7F	; 127
     6f8:	f3 e0       	ldi	r31, 0x03	; 3
     6fa:	0c 94 87 17 	jmp	0x2f0e	; 0x2f0e <__prologue_saves__+0x18>
     6fe:	69 83       	std	Y+1, r22	; 0x01
     700:	7a 83       	std	Y+2, r23	; 0x02
     702:	8b 83       	std	Y+3, r24	; 0x03
     704:	9c 83       	std	Y+4, r25	; 0x04
     706:	2d 83       	std	Y+5, r18	; 0x05
     708:	3e 83       	std	Y+6, r19	; 0x06
     70a:	4f 83       	std	Y+7, r20	; 0x07
     70c:	58 87       	std	Y+8, r21	; 0x08
     70e:	89 e0       	ldi	r24, 0x09	; 9
     710:	e8 2e       	mov	r14, r24
     712:	f1 2c       	mov	r15, r1
     714:	ec 0e       	add	r14, r28
     716:	fd 1e       	adc	r15, r29
     718:	ce 01       	movw	r24, r28
     71a:	01 96       	adiw	r24, 0x01	; 1
     71c:	b7 01       	movw	r22, r14
     71e:	0e 94 fa 05 	call	0xbf4	; 0xbf4 <__unpack_f>
     722:	8e 01       	movw	r16, r28
     724:	0f 5e       	subi	r16, 0xEF	; 239
     726:	1f 4f       	sbci	r17, 0xFF	; 255
     728:	ce 01       	movw	r24, r28
     72a:	05 96       	adiw	r24, 0x05	; 5
     72c:	b8 01       	movw	r22, r16
     72e:	0e 94 fa 05 	call	0xbf4	; 0xbf4 <__unpack_f>
     732:	89 85       	ldd	r24, Y+9	; 0x09
     734:	82 30       	cpi	r24, 0x02	; 2
     736:	40 f0       	brcs	.+16     	; 0x748 <__gtsf2+0x56>
     738:	89 89       	ldd	r24, Y+17	; 0x11
     73a:	82 30       	cpi	r24, 0x02	; 2
     73c:	28 f0       	brcs	.+10     	; 0x748 <__gtsf2+0x56>
     73e:	c7 01       	movw	r24, r14
     740:	b8 01       	movw	r22, r16
     742:	0e 94 72 06 	call	0xce4	; 0xce4 <__fpcmp_parts_f>
     746:	01 c0       	rjmp	.+2      	; 0x74a <__gtsf2+0x58>
     748:	8f ef       	ldi	r24, 0xFF	; 255
     74a:	68 96       	adiw	r28, 0x18	; 24
     74c:	e6 e0       	ldi	r30, 0x06	; 6
     74e:	0c 94 a3 17 	jmp	0x2f46	; 0x2f46 <__epilogue_restores__+0x18>

00000752 <__gesf2>:
     752:	a8 e1       	ldi	r26, 0x18	; 24
     754:	b0 e0       	ldi	r27, 0x00	; 0
     756:	ef ea       	ldi	r30, 0xAF	; 175
     758:	f3 e0       	ldi	r31, 0x03	; 3
     75a:	0c 94 87 17 	jmp	0x2f0e	; 0x2f0e <__prologue_saves__+0x18>
     75e:	69 83       	std	Y+1, r22	; 0x01
     760:	7a 83       	std	Y+2, r23	; 0x02
     762:	8b 83       	std	Y+3, r24	; 0x03
     764:	9c 83       	std	Y+4, r25	; 0x04
     766:	2d 83       	std	Y+5, r18	; 0x05
     768:	3e 83       	std	Y+6, r19	; 0x06
     76a:	4f 83       	std	Y+7, r20	; 0x07
     76c:	58 87       	std	Y+8, r21	; 0x08
     76e:	89 e0       	ldi	r24, 0x09	; 9
     770:	e8 2e       	mov	r14, r24
     772:	f1 2c       	mov	r15, r1
     774:	ec 0e       	add	r14, r28
     776:	fd 1e       	adc	r15, r29
     778:	ce 01       	movw	r24, r28
     77a:	01 96       	adiw	r24, 0x01	; 1
     77c:	b7 01       	movw	r22, r14
     77e:	0e 94 fa 05 	call	0xbf4	; 0xbf4 <__unpack_f>
     782:	8e 01       	movw	r16, r28
     784:	0f 5e       	subi	r16, 0xEF	; 239
     786:	1f 4f       	sbci	r17, 0xFF	; 255
     788:	ce 01       	movw	r24, r28
     78a:	05 96       	adiw	r24, 0x05	; 5
     78c:	b8 01       	movw	r22, r16
     78e:	0e 94 fa 05 	call	0xbf4	; 0xbf4 <__unpack_f>
     792:	89 85       	ldd	r24, Y+9	; 0x09
     794:	82 30       	cpi	r24, 0x02	; 2
     796:	40 f0       	brcs	.+16     	; 0x7a8 <__gesf2+0x56>
     798:	89 89       	ldd	r24, Y+17	; 0x11
     79a:	82 30       	cpi	r24, 0x02	; 2
     79c:	28 f0       	brcs	.+10     	; 0x7a8 <__gesf2+0x56>
     79e:	c7 01       	movw	r24, r14
     7a0:	b8 01       	movw	r22, r16
     7a2:	0e 94 72 06 	call	0xce4	; 0xce4 <__fpcmp_parts_f>
     7a6:	01 c0       	rjmp	.+2      	; 0x7aa <__gesf2+0x58>
     7a8:	8f ef       	ldi	r24, 0xFF	; 255
     7aa:	68 96       	adiw	r28, 0x18	; 24
     7ac:	e6 e0       	ldi	r30, 0x06	; 6
     7ae:	0c 94 a3 17 	jmp	0x2f46	; 0x2f46 <__epilogue_restores__+0x18>

000007b2 <__ltsf2>:
     7b2:	a8 e1       	ldi	r26, 0x18	; 24
     7b4:	b0 e0       	ldi	r27, 0x00	; 0
     7b6:	ef ed       	ldi	r30, 0xDF	; 223
     7b8:	f3 e0       	ldi	r31, 0x03	; 3
     7ba:	0c 94 87 17 	jmp	0x2f0e	; 0x2f0e <__prologue_saves__+0x18>
     7be:	69 83       	std	Y+1, r22	; 0x01
     7c0:	7a 83       	std	Y+2, r23	; 0x02
     7c2:	8b 83       	std	Y+3, r24	; 0x03
     7c4:	9c 83       	std	Y+4, r25	; 0x04
     7c6:	2d 83       	std	Y+5, r18	; 0x05
     7c8:	3e 83       	std	Y+6, r19	; 0x06
     7ca:	4f 83       	std	Y+7, r20	; 0x07
     7cc:	58 87       	std	Y+8, r21	; 0x08
     7ce:	89 e0       	ldi	r24, 0x09	; 9
     7d0:	e8 2e       	mov	r14, r24
     7d2:	f1 2c       	mov	r15, r1
     7d4:	ec 0e       	add	r14, r28
     7d6:	fd 1e       	adc	r15, r29
     7d8:	ce 01       	movw	r24, r28
     7da:	01 96       	adiw	r24, 0x01	; 1
     7dc:	b7 01       	movw	r22, r14
     7de:	0e 94 fa 05 	call	0xbf4	; 0xbf4 <__unpack_f>
     7e2:	8e 01       	movw	r16, r28
     7e4:	0f 5e       	subi	r16, 0xEF	; 239
     7e6:	1f 4f       	sbci	r17, 0xFF	; 255
     7e8:	ce 01       	movw	r24, r28
     7ea:	05 96       	adiw	r24, 0x05	; 5
     7ec:	b8 01       	movw	r22, r16
     7ee:	0e 94 fa 05 	call	0xbf4	; 0xbf4 <__unpack_f>
     7f2:	89 85       	ldd	r24, Y+9	; 0x09
     7f4:	82 30       	cpi	r24, 0x02	; 2
     7f6:	40 f0       	brcs	.+16     	; 0x808 <__ltsf2+0x56>
     7f8:	89 89       	ldd	r24, Y+17	; 0x11
     7fa:	82 30       	cpi	r24, 0x02	; 2
     7fc:	28 f0       	brcs	.+10     	; 0x808 <__ltsf2+0x56>
     7fe:	c7 01       	movw	r24, r14
     800:	b8 01       	movw	r22, r16
     802:	0e 94 72 06 	call	0xce4	; 0xce4 <__fpcmp_parts_f>
     806:	01 c0       	rjmp	.+2      	; 0x80a <__ltsf2+0x58>
     808:	81 e0       	ldi	r24, 0x01	; 1
     80a:	68 96       	adiw	r28, 0x18	; 24
     80c:	e6 e0       	ldi	r30, 0x06	; 6
     80e:	0c 94 a3 17 	jmp	0x2f46	; 0x2f46 <__epilogue_restores__+0x18>

00000812 <__fixsfsi>:
     812:	ac e0       	ldi	r26, 0x0C	; 12
     814:	b0 e0       	ldi	r27, 0x00	; 0
     816:	ef e0       	ldi	r30, 0x0F	; 15
     818:	f4 e0       	ldi	r31, 0x04	; 4
     81a:	0c 94 8b 17 	jmp	0x2f16	; 0x2f16 <__prologue_saves__+0x20>
     81e:	69 83       	std	Y+1, r22	; 0x01
     820:	7a 83       	std	Y+2, r23	; 0x02
     822:	8b 83       	std	Y+3, r24	; 0x03
     824:	9c 83       	std	Y+4, r25	; 0x04
     826:	ce 01       	movw	r24, r28
     828:	01 96       	adiw	r24, 0x01	; 1
     82a:	be 01       	movw	r22, r28
     82c:	6b 5f       	subi	r22, 0xFB	; 251
     82e:	7f 4f       	sbci	r23, 0xFF	; 255
     830:	0e 94 fa 05 	call	0xbf4	; 0xbf4 <__unpack_f>
     834:	8d 81       	ldd	r24, Y+5	; 0x05
     836:	82 30       	cpi	r24, 0x02	; 2
     838:	61 f1       	breq	.+88     	; 0x892 <__fixsfsi+0x80>
     83a:	82 30       	cpi	r24, 0x02	; 2
     83c:	50 f1       	brcs	.+84     	; 0x892 <__fixsfsi+0x80>
     83e:	84 30       	cpi	r24, 0x04	; 4
     840:	21 f4       	brne	.+8      	; 0x84a <__fixsfsi+0x38>
     842:	8e 81       	ldd	r24, Y+6	; 0x06
     844:	88 23       	and	r24, r24
     846:	51 f1       	breq	.+84     	; 0x89c <__fixsfsi+0x8a>
     848:	2e c0       	rjmp	.+92     	; 0x8a6 <__fixsfsi+0x94>
     84a:	2f 81       	ldd	r18, Y+7	; 0x07
     84c:	38 85       	ldd	r19, Y+8	; 0x08
     84e:	37 fd       	sbrc	r19, 7
     850:	20 c0       	rjmp	.+64     	; 0x892 <__fixsfsi+0x80>
     852:	6e 81       	ldd	r22, Y+6	; 0x06
     854:	2f 31       	cpi	r18, 0x1F	; 31
     856:	31 05       	cpc	r19, r1
     858:	1c f0       	brlt	.+6      	; 0x860 <__fixsfsi+0x4e>
     85a:	66 23       	and	r22, r22
     85c:	f9 f0       	breq	.+62     	; 0x89c <__fixsfsi+0x8a>
     85e:	23 c0       	rjmp	.+70     	; 0x8a6 <__fixsfsi+0x94>
     860:	8e e1       	ldi	r24, 0x1E	; 30
     862:	90 e0       	ldi	r25, 0x00	; 0
     864:	82 1b       	sub	r24, r18
     866:	93 0b       	sbc	r25, r19
     868:	29 85       	ldd	r18, Y+9	; 0x09
     86a:	3a 85       	ldd	r19, Y+10	; 0x0a
     86c:	4b 85       	ldd	r20, Y+11	; 0x0b
     86e:	5c 85       	ldd	r21, Y+12	; 0x0c
     870:	04 c0       	rjmp	.+8      	; 0x87a <__fixsfsi+0x68>
     872:	56 95       	lsr	r21
     874:	47 95       	ror	r20
     876:	37 95       	ror	r19
     878:	27 95       	ror	r18
     87a:	8a 95       	dec	r24
     87c:	d2 f7       	brpl	.-12     	; 0x872 <__fixsfsi+0x60>
     87e:	66 23       	and	r22, r22
     880:	b1 f0       	breq	.+44     	; 0x8ae <__fixsfsi+0x9c>
     882:	50 95       	com	r21
     884:	40 95       	com	r20
     886:	30 95       	com	r19
     888:	21 95       	neg	r18
     88a:	3f 4f       	sbci	r19, 0xFF	; 255
     88c:	4f 4f       	sbci	r20, 0xFF	; 255
     88e:	5f 4f       	sbci	r21, 0xFF	; 255
     890:	0e c0       	rjmp	.+28     	; 0x8ae <__fixsfsi+0x9c>
     892:	20 e0       	ldi	r18, 0x00	; 0
     894:	30 e0       	ldi	r19, 0x00	; 0
     896:	40 e0       	ldi	r20, 0x00	; 0
     898:	50 e0       	ldi	r21, 0x00	; 0
     89a:	09 c0       	rjmp	.+18     	; 0x8ae <__fixsfsi+0x9c>
     89c:	2f ef       	ldi	r18, 0xFF	; 255
     89e:	3f ef       	ldi	r19, 0xFF	; 255
     8a0:	4f ef       	ldi	r20, 0xFF	; 255
     8a2:	5f e7       	ldi	r21, 0x7F	; 127
     8a4:	04 c0       	rjmp	.+8      	; 0x8ae <__fixsfsi+0x9c>
     8a6:	20 e0       	ldi	r18, 0x00	; 0
     8a8:	30 e0       	ldi	r19, 0x00	; 0
     8aa:	40 e0       	ldi	r20, 0x00	; 0
     8ac:	50 e8       	ldi	r21, 0x80	; 128
     8ae:	b9 01       	movw	r22, r18
     8b0:	ca 01       	movw	r24, r20
     8b2:	2c 96       	adiw	r28, 0x0c	; 12
     8b4:	e2 e0       	ldi	r30, 0x02	; 2
     8b6:	0c 94 a7 17 	jmp	0x2f4e	; 0x2f4e <__epilogue_restores__+0x20>

000008ba <__floatunsisf>:
     8ba:	a8 e0       	ldi	r26, 0x08	; 8
     8bc:	b0 e0       	ldi	r27, 0x00	; 0
     8be:	e3 e6       	ldi	r30, 0x63	; 99
     8c0:	f4 e0       	ldi	r31, 0x04	; 4
     8c2:	0c 94 83 17 	jmp	0x2f06	; 0x2f06 <__prologue_saves__+0x10>
     8c6:	7b 01       	movw	r14, r22
     8c8:	8c 01       	movw	r16, r24
     8ca:	61 15       	cp	r22, r1
     8cc:	71 05       	cpc	r23, r1
     8ce:	81 05       	cpc	r24, r1
     8d0:	91 05       	cpc	r25, r1
     8d2:	19 f4       	brne	.+6      	; 0x8da <__floatunsisf+0x20>
     8d4:	82 e0       	ldi	r24, 0x02	; 2
     8d6:	89 83       	std	Y+1, r24	; 0x01
     8d8:	60 c0       	rjmp	.+192    	; 0x99a <__floatunsisf+0xe0>
     8da:	83 e0       	ldi	r24, 0x03	; 3
     8dc:	89 83       	std	Y+1, r24	; 0x01
     8de:	8e e1       	ldi	r24, 0x1E	; 30
     8e0:	c8 2e       	mov	r12, r24
     8e2:	d1 2c       	mov	r13, r1
     8e4:	dc 82       	std	Y+4, r13	; 0x04
     8e6:	cb 82       	std	Y+3, r12	; 0x03
     8e8:	ed 82       	std	Y+5, r14	; 0x05
     8ea:	fe 82       	std	Y+6, r15	; 0x06
     8ec:	0f 83       	std	Y+7, r16	; 0x07
     8ee:	18 87       	std	Y+8, r17	; 0x08
     8f0:	c8 01       	movw	r24, r16
     8f2:	b7 01       	movw	r22, r14
     8f4:	0e 94 d6 04 	call	0x9ac	; 0x9ac <__clzsi2>
     8f8:	fc 01       	movw	r30, r24
     8fa:	31 97       	sbiw	r30, 0x01	; 1
     8fc:	f7 ff       	sbrs	r31, 7
     8fe:	3b c0       	rjmp	.+118    	; 0x976 <__floatunsisf+0xbc>
     900:	22 27       	eor	r18, r18
     902:	33 27       	eor	r19, r19
     904:	2e 1b       	sub	r18, r30
     906:	3f 0b       	sbc	r19, r31
     908:	57 01       	movw	r10, r14
     90a:	68 01       	movw	r12, r16
     90c:	02 2e       	mov	r0, r18
     90e:	04 c0       	rjmp	.+8      	; 0x918 <__floatunsisf+0x5e>
     910:	d6 94       	lsr	r13
     912:	c7 94       	ror	r12
     914:	b7 94       	ror	r11
     916:	a7 94       	ror	r10
     918:	0a 94       	dec	r0
     91a:	d2 f7       	brpl	.-12     	; 0x910 <__floatunsisf+0x56>
     91c:	40 e0       	ldi	r20, 0x00	; 0
     91e:	50 e0       	ldi	r21, 0x00	; 0
     920:	60 e0       	ldi	r22, 0x00	; 0
     922:	70 e0       	ldi	r23, 0x00	; 0
     924:	81 e0       	ldi	r24, 0x01	; 1
     926:	90 e0       	ldi	r25, 0x00	; 0
     928:	a0 e0       	ldi	r26, 0x00	; 0
     92a:	b0 e0       	ldi	r27, 0x00	; 0
     92c:	04 c0       	rjmp	.+8      	; 0x936 <__floatunsisf+0x7c>
     92e:	88 0f       	add	r24, r24
     930:	99 1f       	adc	r25, r25
     932:	aa 1f       	adc	r26, r26
     934:	bb 1f       	adc	r27, r27
     936:	2a 95       	dec	r18
     938:	d2 f7       	brpl	.-12     	; 0x92e <__floatunsisf+0x74>
     93a:	01 97       	sbiw	r24, 0x01	; 1
     93c:	a1 09       	sbc	r26, r1
     93e:	b1 09       	sbc	r27, r1
     940:	8e 21       	and	r24, r14
     942:	9f 21       	and	r25, r15
     944:	a0 23       	and	r26, r16
     946:	b1 23       	and	r27, r17
     948:	00 97       	sbiw	r24, 0x00	; 0
     94a:	a1 05       	cpc	r26, r1
     94c:	b1 05       	cpc	r27, r1
     94e:	21 f0       	breq	.+8      	; 0x958 <__floatunsisf+0x9e>
     950:	41 e0       	ldi	r20, 0x01	; 1
     952:	50 e0       	ldi	r21, 0x00	; 0
     954:	60 e0       	ldi	r22, 0x00	; 0
     956:	70 e0       	ldi	r23, 0x00	; 0
     958:	4a 29       	or	r20, r10
     95a:	5b 29       	or	r21, r11
     95c:	6c 29       	or	r22, r12
     95e:	7d 29       	or	r23, r13
     960:	4d 83       	std	Y+5, r20	; 0x05
     962:	5e 83       	std	Y+6, r21	; 0x06
     964:	6f 83       	std	Y+7, r22	; 0x07
     966:	78 87       	std	Y+8, r23	; 0x08
     968:	8e e1       	ldi	r24, 0x1E	; 30
     96a:	90 e0       	ldi	r25, 0x00	; 0
     96c:	8e 1b       	sub	r24, r30
     96e:	9f 0b       	sbc	r25, r31
     970:	9c 83       	std	Y+4, r25	; 0x04
     972:	8b 83       	std	Y+3, r24	; 0x03
     974:	12 c0       	rjmp	.+36     	; 0x99a <__floatunsisf+0xe0>
     976:	30 97       	sbiw	r30, 0x00	; 0
     978:	81 f0       	breq	.+32     	; 0x99a <__floatunsisf+0xe0>
     97a:	0e 2e       	mov	r0, r30
     97c:	04 c0       	rjmp	.+8      	; 0x986 <__floatunsisf+0xcc>
     97e:	ee 0c       	add	r14, r14
     980:	ff 1c       	adc	r15, r15
     982:	00 1f       	adc	r16, r16
     984:	11 1f       	adc	r17, r17
     986:	0a 94       	dec	r0
     988:	d2 f7       	brpl	.-12     	; 0x97e <__floatunsisf+0xc4>
     98a:	ed 82       	std	Y+5, r14	; 0x05
     98c:	fe 82       	std	Y+6, r15	; 0x06
     98e:	0f 83       	std	Y+7, r16	; 0x07
     990:	18 87       	std	Y+8, r17	; 0x08
     992:	ce 1a       	sub	r12, r30
     994:	df 0a       	sbc	r13, r31
     996:	dc 82       	std	Y+4, r13	; 0x04
     998:	cb 82       	std	Y+3, r12	; 0x03
     99a:	1a 82       	std	Y+2, r1	; 0x02
     99c:	ce 01       	movw	r24, r28
     99e:	01 96       	adiw	r24, 0x01	; 1
     9a0:	0e 94 25 05 	call	0xa4a	; 0xa4a <__pack_f>
     9a4:	28 96       	adiw	r28, 0x08	; 8
     9a6:	ea e0       	ldi	r30, 0x0A	; 10
     9a8:	0c 94 9f 17 	jmp	0x2f3e	; 0x2f3e <__epilogue_restores__+0x10>

000009ac <__clzsi2>:
     9ac:	ef 92       	push	r14
     9ae:	ff 92       	push	r15
     9b0:	0f 93       	push	r16
     9b2:	1f 93       	push	r17
     9b4:	7b 01       	movw	r14, r22
     9b6:	8c 01       	movw	r16, r24
     9b8:	80 e0       	ldi	r24, 0x00	; 0
     9ba:	e8 16       	cp	r14, r24
     9bc:	80 e0       	ldi	r24, 0x00	; 0
     9be:	f8 06       	cpc	r15, r24
     9c0:	81 e0       	ldi	r24, 0x01	; 1
     9c2:	08 07       	cpc	r16, r24
     9c4:	80 e0       	ldi	r24, 0x00	; 0
     9c6:	18 07       	cpc	r17, r24
     9c8:	88 f4       	brcc	.+34     	; 0x9ec <__clzsi2+0x40>
     9ca:	8f ef       	ldi	r24, 0xFF	; 255
     9cc:	e8 16       	cp	r14, r24
     9ce:	f1 04       	cpc	r15, r1
     9d0:	01 05       	cpc	r16, r1
     9d2:	11 05       	cpc	r17, r1
     9d4:	31 f0       	breq	.+12     	; 0x9e2 <__clzsi2+0x36>
     9d6:	28 f0       	brcs	.+10     	; 0x9e2 <__clzsi2+0x36>
     9d8:	88 e0       	ldi	r24, 0x08	; 8
     9da:	90 e0       	ldi	r25, 0x00	; 0
     9dc:	a0 e0       	ldi	r26, 0x00	; 0
     9de:	b0 e0       	ldi	r27, 0x00	; 0
     9e0:	17 c0       	rjmp	.+46     	; 0xa10 <__clzsi2+0x64>
     9e2:	80 e0       	ldi	r24, 0x00	; 0
     9e4:	90 e0       	ldi	r25, 0x00	; 0
     9e6:	a0 e0       	ldi	r26, 0x00	; 0
     9e8:	b0 e0       	ldi	r27, 0x00	; 0
     9ea:	12 c0       	rjmp	.+36     	; 0xa10 <__clzsi2+0x64>
     9ec:	80 e0       	ldi	r24, 0x00	; 0
     9ee:	e8 16       	cp	r14, r24
     9f0:	80 e0       	ldi	r24, 0x00	; 0
     9f2:	f8 06       	cpc	r15, r24
     9f4:	80 e0       	ldi	r24, 0x00	; 0
     9f6:	08 07       	cpc	r16, r24
     9f8:	81 e0       	ldi	r24, 0x01	; 1
     9fa:	18 07       	cpc	r17, r24
     9fc:	28 f0       	brcs	.+10     	; 0xa08 <__clzsi2+0x5c>
     9fe:	88 e1       	ldi	r24, 0x18	; 24
     a00:	90 e0       	ldi	r25, 0x00	; 0
     a02:	a0 e0       	ldi	r26, 0x00	; 0
     a04:	b0 e0       	ldi	r27, 0x00	; 0
     a06:	04 c0       	rjmp	.+8      	; 0xa10 <__clzsi2+0x64>
     a08:	80 e1       	ldi	r24, 0x10	; 16
     a0a:	90 e0       	ldi	r25, 0x00	; 0
     a0c:	a0 e0       	ldi	r26, 0x00	; 0
     a0e:	b0 e0       	ldi	r27, 0x00	; 0
     a10:	20 e2       	ldi	r18, 0x20	; 32
     a12:	30 e0       	ldi	r19, 0x00	; 0
     a14:	40 e0       	ldi	r20, 0x00	; 0
     a16:	50 e0       	ldi	r21, 0x00	; 0
     a18:	28 1b       	sub	r18, r24
     a1a:	39 0b       	sbc	r19, r25
     a1c:	4a 0b       	sbc	r20, r26
     a1e:	5b 0b       	sbc	r21, r27
     a20:	04 c0       	rjmp	.+8      	; 0xa2a <__clzsi2+0x7e>
     a22:	16 95       	lsr	r17
     a24:	07 95       	ror	r16
     a26:	f7 94       	ror	r15
     a28:	e7 94       	ror	r14
     a2a:	8a 95       	dec	r24
     a2c:	d2 f7       	brpl	.-12     	; 0xa22 <__clzsi2+0x76>
     a2e:	f7 01       	movw	r30, r14
     a30:	e8 59       	subi	r30, 0x98	; 152
     a32:	ff 4f       	sbci	r31, 0xFF	; 255
     a34:	80 81       	ld	r24, Z
     a36:	28 1b       	sub	r18, r24
     a38:	31 09       	sbc	r19, r1
     a3a:	41 09       	sbc	r20, r1
     a3c:	51 09       	sbc	r21, r1
     a3e:	c9 01       	movw	r24, r18
     a40:	1f 91       	pop	r17
     a42:	0f 91       	pop	r16
     a44:	ff 90       	pop	r15
     a46:	ef 90       	pop	r14
     a48:	08 95       	ret

00000a4a <__pack_f>:
     a4a:	df 92       	push	r13
     a4c:	ef 92       	push	r14
     a4e:	ff 92       	push	r15
     a50:	0f 93       	push	r16
     a52:	1f 93       	push	r17
     a54:	fc 01       	movw	r30, r24
     a56:	e4 80       	ldd	r14, Z+4	; 0x04
     a58:	f5 80       	ldd	r15, Z+5	; 0x05
     a5a:	06 81       	ldd	r16, Z+6	; 0x06
     a5c:	17 81       	ldd	r17, Z+7	; 0x07
     a5e:	d1 80       	ldd	r13, Z+1	; 0x01
     a60:	80 81       	ld	r24, Z
     a62:	82 30       	cpi	r24, 0x02	; 2
     a64:	48 f4       	brcc	.+18     	; 0xa78 <__pack_f+0x2e>
     a66:	80 e0       	ldi	r24, 0x00	; 0
     a68:	90 e0       	ldi	r25, 0x00	; 0
     a6a:	a0 e1       	ldi	r26, 0x10	; 16
     a6c:	b0 e0       	ldi	r27, 0x00	; 0
     a6e:	e8 2a       	or	r14, r24
     a70:	f9 2a       	or	r15, r25
     a72:	0a 2b       	or	r16, r26
     a74:	1b 2b       	or	r17, r27
     a76:	a5 c0       	rjmp	.+330    	; 0xbc2 <__pack_f+0x178>
     a78:	84 30       	cpi	r24, 0x04	; 4
     a7a:	09 f4       	brne	.+2      	; 0xa7e <__pack_f+0x34>
     a7c:	9f c0       	rjmp	.+318    	; 0xbbc <__pack_f+0x172>
     a7e:	82 30       	cpi	r24, 0x02	; 2
     a80:	21 f4       	brne	.+8      	; 0xa8a <__pack_f+0x40>
     a82:	ee 24       	eor	r14, r14
     a84:	ff 24       	eor	r15, r15
     a86:	87 01       	movw	r16, r14
     a88:	05 c0       	rjmp	.+10     	; 0xa94 <__pack_f+0x4a>
     a8a:	e1 14       	cp	r14, r1
     a8c:	f1 04       	cpc	r15, r1
     a8e:	01 05       	cpc	r16, r1
     a90:	11 05       	cpc	r17, r1
     a92:	19 f4       	brne	.+6      	; 0xa9a <__pack_f+0x50>
     a94:	e0 e0       	ldi	r30, 0x00	; 0
     a96:	f0 e0       	ldi	r31, 0x00	; 0
     a98:	96 c0       	rjmp	.+300    	; 0xbc6 <__pack_f+0x17c>
     a9a:	62 81       	ldd	r22, Z+2	; 0x02
     a9c:	73 81       	ldd	r23, Z+3	; 0x03
     a9e:	9f ef       	ldi	r25, 0xFF	; 255
     aa0:	62 38       	cpi	r22, 0x82	; 130
     aa2:	79 07       	cpc	r23, r25
     aa4:	0c f0       	brlt	.+2      	; 0xaa8 <__pack_f+0x5e>
     aa6:	5b c0       	rjmp	.+182    	; 0xb5e <__pack_f+0x114>
     aa8:	22 e8       	ldi	r18, 0x82	; 130
     aaa:	3f ef       	ldi	r19, 0xFF	; 255
     aac:	26 1b       	sub	r18, r22
     aae:	37 0b       	sbc	r19, r23
     ab0:	2a 31       	cpi	r18, 0x1A	; 26
     ab2:	31 05       	cpc	r19, r1
     ab4:	2c f0       	brlt	.+10     	; 0xac0 <__pack_f+0x76>
     ab6:	20 e0       	ldi	r18, 0x00	; 0
     ab8:	30 e0       	ldi	r19, 0x00	; 0
     aba:	40 e0       	ldi	r20, 0x00	; 0
     abc:	50 e0       	ldi	r21, 0x00	; 0
     abe:	2a c0       	rjmp	.+84     	; 0xb14 <__pack_f+0xca>
     ac0:	b8 01       	movw	r22, r16
     ac2:	a7 01       	movw	r20, r14
     ac4:	02 2e       	mov	r0, r18
     ac6:	04 c0       	rjmp	.+8      	; 0xad0 <__pack_f+0x86>
     ac8:	76 95       	lsr	r23
     aca:	67 95       	ror	r22
     acc:	57 95       	ror	r21
     ace:	47 95       	ror	r20
     ad0:	0a 94       	dec	r0
     ad2:	d2 f7       	brpl	.-12     	; 0xac8 <__pack_f+0x7e>
     ad4:	81 e0       	ldi	r24, 0x01	; 1
     ad6:	90 e0       	ldi	r25, 0x00	; 0
     ad8:	a0 e0       	ldi	r26, 0x00	; 0
     ada:	b0 e0       	ldi	r27, 0x00	; 0
     adc:	04 c0       	rjmp	.+8      	; 0xae6 <__pack_f+0x9c>
     ade:	88 0f       	add	r24, r24
     ae0:	99 1f       	adc	r25, r25
     ae2:	aa 1f       	adc	r26, r26
     ae4:	bb 1f       	adc	r27, r27
     ae6:	2a 95       	dec	r18
     ae8:	d2 f7       	brpl	.-12     	; 0xade <__pack_f+0x94>
     aea:	01 97       	sbiw	r24, 0x01	; 1
     aec:	a1 09       	sbc	r26, r1
     aee:	b1 09       	sbc	r27, r1
     af0:	8e 21       	and	r24, r14
     af2:	9f 21       	and	r25, r15
     af4:	a0 23       	and	r26, r16
     af6:	b1 23       	and	r27, r17
     af8:	00 97       	sbiw	r24, 0x00	; 0
     afa:	a1 05       	cpc	r26, r1
     afc:	b1 05       	cpc	r27, r1
     afe:	21 f0       	breq	.+8      	; 0xb08 <__pack_f+0xbe>
     b00:	81 e0       	ldi	r24, 0x01	; 1
     b02:	90 e0       	ldi	r25, 0x00	; 0
     b04:	a0 e0       	ldi	r26, 0x00	; 0
     b06:	b0 e0       	ldi	r27, 0x00	; 0
     b08:	9a 01       	movw	r18, r20
     b0a:	ab 01       	movw	r20, r22
     b0c:	28 2b       	or	r18, r24
     b0e:	39 2b       	or	r19, r25
     b10:	4a 2b       	or	r20, r26
     b12:	5b 2b       	or	r21, r27
     b14:	da 01       	movw	r26, r20
     b16:	c9 01       	movw	r24, r18
     b18:	8f 77       	andi	r24, 0x7F	; 127
     b1a:	90 70       	andi	r25, 0x00	; 0
     b1c:	a0 70       	andi	r26, 0x00	; 0
     b1e:	b0 70       	andi	r27, 0x00	; 0
     b20:	80 34       	cpi	r24, 0x40	; 64
     b22:	91 05       	cpc	r25, r1
     b24:	a1 05       	cpc	r26, r1
     b26:	b1 05       	cpc	r27, r1
     b28:	39 f4       	brne	.+14     	; 0xb38 <__pack_f+0xee>
     b2a:	27 ff       	sbrs	r18, 7
     b2c:	09 c0       	rjmp	.+18     	; 0xb40 <__pack_f+0xf6>
     b2e:	20 5c       	subi	r18, 0xC0	; 192
     b30:	3f 4f       	sbci	r19, 0xFF	; 255
     b32:	4f 4f       	sbci	r20, 0xFF	; 255
     b34:	5f 4f       	sbci	r21, 0xFF	; 255
     b36:	04 c0       	rjmp	.+8      	; 0xb40 <__pack_f+0xf6>
     b38:	21 5c       	subi	r18, 0xC1	; 193
     b3a:	3f 4f       	sbci	r19, 0xFF	; 255
     b3c:	4f 4f       	sbci	r20, 0xFF	; 255
     b3e:	5f 4f       	sbci	r21, 0xFF	; 255
     b40:	e0 e0       	ldi	r30, 0x00	; 0
     b42:	f0 e0       	ldi	r31, 0x00	; 0
     b44:	20 30       	cpi	r18, 0x00	; 0
     b46:	a0 e0       	ldi	r26, 0x00	; 0
     b48:	3a 07       	cpc	r19, r26
     b4a:	a0 e0       	ldi	r26, 0x00	; 0
     b4c:	4a 07       	cpc	r20, r26
     b4e:	a0 e4       	ldi	r26, 0x40	; 64
     b50:	5a 07       	cpc	r21, r26
     b52:	10 f0       	brcs	.+4      	; 0xb58 <__pack_f+0x10e>
     b54:	e1 e0       	ldi	r30, 0x01	; 1
     b56:	f0 e0       	ldi	r31, 0x00	; 0
     b58:	79 01       	movw	r14, r18
     b5a:	8a 01       	movw	r16, r20
     b5c:	27 c0       	rjmp	.+78     	; 0xbac <__pack_f+0x162>
     b5e:	60 38       	cpi	r22, 0x80	; 128
     b60:	71 05       	cpc	r23, r1
     b62:	64 f5       	brge	.+88     	; 0xbbc <__pack_f+0x172>
     b64:	fb 01       	movw	r30, r22
     b66:	e1 58       	subi	r30, 0x81	; 129
     b68:	ff 4f       	sbci	r31, 0xFF	; 255
     b6a:	d8 01       	movw	r26, r16
     b6c:	c7 01       	movw	r24, r14
     b6e:	8f 77       	andi	r24, 0x7F	; 127
     b70:	90 70       	andi	r25, 0x00	; 0
     b72:	a0 70       	andi	r26, 0x00	; 0
     b74:	b0 70       	andi	r27, 0x00	; 0
     b76:	80 34       	cpi	r24, 0x40	; 64
     b78:	91 05       	cpc	r25, r1
     b7a:	a1 05       	cpc	r26, r1
     b7c:	b1 05       	cpc	r27, r1
     b7e:	39 f4       	brne	.+14     	; 0xb8e <__pack_f+0x144>
     b80:	e7 fe       	sbrs	r14, 7
     b82:	0d c0       	rjmp	.+26     	; 0xb9e <__pack_f+0x154>
     b84:	80 e4       	ldi	r24, 0x40	; 64
     b86:	90 e0       	ldi	r25, 0x00	; 0
     b88:	a0 e0       	ldi	r26, 0x00	; 0
     b8a:	b0 e0       	ldi	r27, 0x00	; 0
     b8c:	04 c0       	rjmp	.+8      	; 0xb96 <__pack_f+0x14c>
     b8e:	8f e3       	ldi	r24, 0x3F	; 63
     b90:	90 e0       	ldi	r25, 0x00	; 0
     b92:	a0 e0       	ldi	r26, 0x00	; 0
     b94:	b0 e0       	ldi	r27, 0x00	; 0
     b96:	e8 0e       	add	r14, r24
     b98:	f9 1e       	adc	r15, r25
     b9a:	0a 1f       	adc	r16, r26
     b9c:	1b 1f       	adc	r17, r27
     b9e:	17 ff       	sbrs	r17, 7
     ba0:	05 c0       	rjmp	.+10     	; 0xbac <__pack_f+0x162>
     ba2:	16 95       	lsr	r17
     ba4:	07 95       	ror	r16
     ba6:	f7 94       	ror	r15
     ba8:	e7 94       	ror	r14
     baa:	31 96       	adiw	r30, 0x01	; 1
     bac:	87 e0       	ldi	r24, 0x07	; 7
     bae:	16 95       	lsr	r17
     bb0:	07 95       	ror	r16
     bb2:	f7 94       	ror	r15
     bb4:	e7 94       	ror	r14
     bb6:	8a 95       	dec	r24
     bb8:	d1 f7       	brne	.-12     	; 0xbae <__pack_f+0x164>
     bba:	05 c0       	rjmp	.+10     	; 0xbc6 <__pack_f+0x17c>
     bbc:	ee 24       	eor	r14, r14
     bbe:	ff 24       	eor	r15, r15
     bc0:	87 01       	movw	r16, r14
     bc2:	ef ef       	ldi	r30, 0xFF	; 255
     bc4:	f0 e0       	ldi	r31, 0x00	; 0
     bc6:	6e 2f       	mov	r22, r30
     bc8:	67 95       	ror	r22
     bca:	66 27       	eor	r22, r22
     bcc:	67 95       	ror	r22
     bce:	90 2f       	mov	r25, r16
     bd0:	9f 77       	andi	r25, 0x7F	; 127
     bd2:	d7 94       	ror	r13
     bd4:	dd 24       	eor	r13, r13
     bd6:	d7 94       	ror	r13
     bd8:	8e 2f       	mov	r24, r30
     bda:	86 95       	lsr	r24
     bdc:	49 2f       	mov	r20, r25
     bde:	46 2b       	or	r20, r22
     be0:	58 2f       	mov	r21, r24
     be2:	5d 29       	or	r21, r13
     be4:	b7 01       	movw	r22, r14
     be6:	ca 01       	movw	r24, r20
     be8:	1f 91       	pop	r17
     bea:	0f 91       	pop	r16
     bec:	ff 90       	pop	r15
     bee:	ef 90       	pop	r14
     bf0:	df 90       	pop	r13
     bf2:	08 95       	ret

00000bf4 <__unpack_f>:
     bf4:	fc 01       	movw	r30, r24
     bf6:	db 01       	movw	r26, r22
     bf8:	40 81       	ld	r20, Z
     bfa:	51 81       	ldd	r21, Z+1	; 0x01
     bfc:	22 81       	ldd	r18, Z+2	; 0x02
     bfe:	62 2f       	mov	r22, r18
     c00:	6f 77       	andi	r22, 0x7F	; 127
     c02:	70 e0       	ldi	r23, 0x00	; 0
     c04:	22 1f       	adc	r18, r18
     c06:	22 27       	eor	r18, r18
     c08:	22 1f       	adc	r18, r18
     c0a:	93 81       	ldd	r25, Z+3	; 0x03
     c0c:	89 2f       	mov	r24, r25
     c0e:	88 0f       	add	r24, r24
     c10:	82 2b       	or	r24, r18
     c12:	28 2f       	mov	r18, r24
     c14:	30 e0       	ldi	r19, 0x00	; 0
     c16:	99 1f       	adc	r25, r25
     c18:	99 27       	eor	r25, r25
     c1a:	99 1f       	adc	r25, r25
     c1c:	11 96       	adiw	r26, 0x01	; 1
     c1e:	9c 93       	st	X, r25
     c20:	11 97       	sbiw	r26, 0x01	; 1
     c22:	21 15       	cp	r18, r1
     c24:	31 05       	cpc	r19, r1
     c26:	a9 f5       	brne	.+106    	; 0xc92 <__unpack_f+0x9e>
     c28:	41 15       	cp	r20, r1
     c2a:	51 05       	cpc	r21, r1
     c2c:	61 05       	cpc	r22, r1
     c2e:	71 05       	cpc	r23, r1
     c30:	11 f4       	brne	.+4      	; 0xc36 <__unpack_f+0x42>
     c32:	82 e0       	ldi	r24, 0x02	; 2
     c34:	37 c0       	rjmp	.+110    	; 0xca4 <__unpack_f+0xb0>
     c36:	82 e8       	ldi	r24, 0x82	; 130
     c38:	9f ef       	ldi	r25, 0xFF	; 255
     c3a:	13 96       	adiw	r26, 0x03	; 3
     c3c:	9c 93       	st	X, r25
     c3e:	8e 93       	st	-X, r24
     c40:	12 97       	sbiw	r26, 0x02	; 2
     c42:	9a 01       	movw	r18, r20
     c44:	ab 01       	movw	r20, r22
     c46:	67 e0       	ldi	r22, 0x07	; 7
     c48:	22 0f       	add	r18, r18
     c4a:	33 1f       	adc	r19, r19
     c4c:	44 1f       	adc	r20, r20
     c4e:	55 1f       	adc	r21, r21
     c50:	6a 95       	dec	r22
     c52:	d1 f7       	brne	.-12     	; 0xc48 <__unpack_f+0x54>
     c54:	83 e0       	ldi	r24, 0x03	; 3
     c56:	8c 93       	st	X, r24
     c58:	0d c0       	rjmp	.+26     	; 0xc74 <__unpack_f+0x80>
     c5a:	22 0f       	add	r18, r18
     c5c:	33 1f       	adc	r19, r19
     c5e:	44 1f       	adc	r20, r20
     c60:	55 1f       	adc	r21, r21
     c62:	12 96       	adiw	r26, 0x02	; 2
     c64:	8d 91       	ld	r24, X+
     c66:	9c 91       	ld	r25, X
     c68:	13 97       	sbiw	r26, 0x03	; 3
     c6a:	01 97       	sbiw	r24, 0x01	; 1
     c6c:	13 96       	adiw	r26, 0x03	; 3
     c6e:	9c 93       	st	X, r25
     c70:	8e 93       	st	-X, r24
     c72:	12 97       	sbiw	r26, 0x02	; 2
     c74:	20 30       	cpi	r18, 0x00	; 0
     c76:	80 e0       	ldi	r24, 0x00	; 0
     c78:	38 07       	cpc	r19, r24
     c7a:	80 e0       	ldi	r24, 0x00	; 0
     c7c:	48 07       	cpc	r20, r24
     c7e:	80 e4       	ldi	r24, 0x40	; 64
     c80:	58 07       	cpc	r21, r24
     c82:	58 f3       	brcs	.-42     	; 0xc5a <__unpack_f+0x66>
     c84:	14 96       	adiw	r26, 0x04	; 4
     c86:	2d 93       	st	X+, r18
     c88:	3d 93       	st	X+, r19
     c8a:	4d 93       	st	X+, r20
     c8c:	5c 93       	st	X, r21
     c8e:	17 97       	sbiw	r26, 0x07	; 7
     c90:	08 95       	ret
     c92:	2f 3f       	cpi	r18, 0xFF	; 255
     c94:	31 05       	cpc	r19, r1
     c96:	79 f4       	brne	.+30     	; 0xcb6 <__unpack_f+0xc2>
     c98:	41 15       	cp	r20, r1
     c9a:	51 05       	cpc	r21, r1
     c9c:	61 05       	cpc	r22, r1
     c9e:	71 05       	cpc	r23, r1
     ca0:	19 f4       	brne	.+6      	; 0xca8 <__unpack_f+0xb4>
     ca2:	84 e0       	ldi	r24, 0x04	; 4
     ca4:	8c 93       	st	X, r24
     ca6:	08 95       	ret
     ca8:	64 ff       	sbrs	r22, 4
     caa:	03 c0       	rjmp	.+6      	; 0xcb2 <__unpack_f+0xbe>
     cac:	81 e0       	ldi	r24, 0x01	; 1
     cae:	8c 93       	st	X, r24
     cb0:	12 c0       	rjmp	.+36     	; 0xcd6 <__unpack_f+0xe2>
     cb2:	1c 92       	st	X, r1
     cb4:	10 c0       	rjmp	.+32     	; 0xcd6 <__unpack_f+0xe2>
     cb6:	2f 57       	subi	r18, 0x7F	; 127
     cb8:	30 40       	sbci	r19, 0x00	; 0
     cba:	13 96       	adiw	r26, 0x03	; 3
     cbc:	3c 93       	st	X, r19
     cbe:	2e 93       	st	-X, r18
     cc0:	12 97       	sbiw	r26, 0x02	; 2
     cc2:	83 e0       	ldi	r24, 0x03	; 3
     cc4:	8c 93       	st	X, r24
     cc6:	87 e0       	ldi	r24, 0x07	; 7
     cc8:	44 0f       	add	r20, r20
     cca:	55 1f       	adc	r21, r21
     ccc:	66 1f       	adc	r22, r22
     cce:	77 1f       	adc	r23, r23
     cd0:	8a 95       	dec	r24
     cd2:	d1 f7       	brne	.-12     	; 0xcc8 <__unpack_f+0xd4>
     cd4:	70 64       	ori	r23, 0x40	; 64
     cd6:	14 96       	adiw	r26, 0x04	; 4
     cd8:	4d 93       	st	X+, r20
     cda:	5d 93       	st	X+, r21
     cdc:	6d 93       	st	X+, r22
     cde:	7c 93       	st	X, r23
     ce0:	17 97       	sbiw	r26, 0x07	; 7
     ce2:	08 95       	ret

00000ce4 <__fpcmp_parts_f>:
     ce4:	1f 93       	push	r17
     ce6:	dc 01       	movw	r26, r24
     ce8:	fb 01       	movw	r30, r22
     cea:	9c 91       	ld	r25, X
     cec:	92 30       	cpi	r25, 0x02	; 2
     cee:	08 f4       	brcc	.+2      	; 0xcf2 <__fpcmp_parts_f+0xe>
     cf0:	47 c0       	rjmp	.+142    	; 0xd80 <__fpcmp_parts_f+0x9c>
     cf2:	80 81       	ld	r24, Z
     cf4:	82 30       	cpi	r24, 0x02	; 2
     cf6:	08 f4       	brcc	.+2      	; 0xcfa <__fpcmp_parts_f+0x16>
     cf8:	43 c0       	rjmp	.+134    	; 0xd80 <__fpcmp_parts_f+0x9c>
     cfa:	94 30       	cpi	r25, 0x04	; 4
     cfc:	51 f4       	brne	.+20     	; 0xd12 <__fpcmp_parts_f+0x2e>
     cfe:	11 96       	adiw	r26, 0x01	; 1
     d00:	1c 91       	ld	r17, X
     d02:	84 30       	cpi	r24, 0x04	; 4
     d04:	99 f5       	brne	.+102    	; 0xd6c <__fpcmp_parts_f+0x88>
     d06:	81 81       	ldd	r24, Z+1	; 0x01
     d08:	68 2f       	mov	r22, r24
     d0a:	70 e0       	ldi	r23, 0x00	; 0
     d0c:	61 1b       	sub	r22, r17
     d0e:	71 09       	sbc	r23, r1
     d10:	3f c0       	rjmp	.+126    	; 0xd90 <__fpcmp_parts_f+0xac>
     d12:	84 30       	cpi	r24, 0x04	; 4
     d14:	21 f0       	breq	.+8      	; 0xd1e <__fpcmp_parts_f+0x3a>
     d16:	92 30       	cpi	r25, 0x02	; 2
     d18:	31 f4       	brne	.+12     	; 0xd26 <__fpcmp_parts_f+0x42>
     d1a:	82 30       	cpi	r24, 0x02	; 2
     d1c:	b9 f1       	breq	.+110    	; 0xd8c <__fpcmp_parts_f+0xa8>
     d1e:	81 81       	ldd	r24, Z+1	; 0x01
     d20:	88 23       	and	r24, r24
     d22:	89 f1       	breq	.+98     	; 0xd86 <__fpcmp_parts_f+0xa2>
     d24:	2d c0       	rjmp	.+90     	; 0xd80 <__fpcmp_parts_f+0x9c>
     d26:	11 96       	adiw	r26, 0x01	; 1
     d28:	1c 91       	ld	r17, X
     d2a:	11 97       	sbiw	r26, 0x01	; 1
     d2c:	82 30       	cpi	r24, 0x02	; 2
     d2e:	f1 f0       	breq	.+60     	; 0xd6c <__fpcmp_parts_f+0x88>
     d30:	81 81       	ldd	r24, Z+1	; 0x01
     d32:	18 17       	cp	r17, r24
     d34:	d9 f4       	brne	.+54     	; 0xd6c <__fpcmp_parts_f+0x88>
     d36:	12 96       	adiw	r26, 0x02	; 2
     d38:	2d 91       	ld	r18, X+
     d3a:	3c 91       	ld	r19, X
     d3c:	13 97       	sbiw	r26, 0x03	; 3
     d3e:	82 81       	ldd	r24, Z+2	; 0x02
     d40:	93 81       	ldd	r25, Z+3	; 0x03
     d42:	82 17       	cp	r24, r18
     d44:	93 07       	cpc	r25, r19
     d46:	94 f0       	brlt	.+36     	; 0xd6c <__fpcmp_parts_f+0x88>
     d48:	28 17       	cp	r18, r24
     d4a:	39 07       	cpc	r19, r25
     d4c:	bc f0       	brlt	.+46     	; 0xd7c <__fpcmp_parts_f+0x98>
     d4e:	14 96       	adiw	r26, 0x04	; 4
     d50:	8d 91       	ld	r24, X+
     d52:	9d 91       	ld	r25, X+
     d54:	0d 90       	ld	r0, X+
     d56:	bc 91       	ld	r27, X
     d58:	a0 2d       	mov	r26, r0
     d5a:	24 81       	ldd	r18, Z+4	; 0x04
     d5c:	35 81       	ldd	r19, Z+5	; 0x05
     d5e:	46 81       	ldd	r20, Z+6	; 0x06
     d60:	57 81       	ldd	r21, Z+7	; 0x07
     d62:	28 17       	cp	r18, r24
     d64:	39 07       	cpc	r19, r25
     d66:	4a 07       	cpc	r20, r26
     d68:	5b 07       	cpc	r21, r27
     d6a:	18 f4       	brcc	.+6      	; 0xd72 <__fpcmp_parts_f+0x8e>
     d6c:	11 23       	and	r17, r17
     d6e:	41 f0       	breq	.+16     	; 0xd80 <__fpcmp_parts_f+0x9c>
     d70:	0a c0       	rjmp	.+20     	; 0xd86 <__fpcmp_parts_f+0xa2>
     d72:	82 17       	cp	r24, r18
     d74:	93 07       	cpc	r25, r19
     d76:	a4 07       	cpc	r26, r20
     d78:	b5 07       	cpc	r27, r21
     d7a:	40 f4       	brcc	.+16     	; 0xd8c <__fpcmp_parts_f+0xa8>
     d7c:	11 23       	and	r17, r17
     d7e:	19 f0       	breq	.+6      	; 0xd86 <__fpcmp_parts_f+0xa2>
     d80:	61 e0       	ldi	r22, 0x01	; 1
     d82:	70 e0       	ldi	r23, 0x00	; 0
     d84:	05 c0       	rjmp	.+10     	; 0xd90 <__fpcmp_parts_f+0xac>
     d86:	6f ef       	ldi	r22, 0xFF	; 255
     d88:	7f ef       	ldi	r23, 0xFF	; 255
     d8a:	02 c0       	rjmp	.+4      	; 0xd90 <__fpcmp_parts_f+0xac>
     d8c:	60 e0       	ldi	r22, 0x00	; 0
     d8e:	70 e0       	ldi	r23, 0x00	; 0
     d90:	cb 01       	movw	r24, r22
     d92:	1f 91       	pop	r17
     d94:	08 95       	ret

00000d96 <MDIO_voidInitPin>:

#include "DIO.h"


void MDIO_voidInitPin      (u8 A_u8PortName , u8 A_u8PinNumber , u8 A_u8PinMode)
{
     d96:	df 93       	push	r29
     d98:	cf 93       	push	r28
     d9a:	00 d0       	rcall	.+0      	; 0xd9c <MDIO_voidInitPin+0x6>
     d9c:	00 d0       	rcall	.+0      	; 0xd9e <MDIO_voidInitPin+0x8>
     d9e:	0f 92       	push	r0
     da0:	cd b7       	in	r28, 0x3d	; 61
     da2:	de b7       	in	r29, 0x3e	; 62
     da4:	89 83       	std	Y+1, r24	; 0x01
     da6:	6a 83       	std	Y+2, r22	; 0x02
     da8:	4b 83       	std	Y+3, r20	; 0x03
	switch (A_u8PortName)
     daa:	89 81       	ldd	r24, Y+1	; 0x01
     dac:	28 2f       	mov	r18, r24
     dae:	30 e0       	ldi	r19, 0x00	; 0
     db0:	3d 83       	std	Y+5, r19	; 0x05
     db2:	2c 83       	std	Y+4, r18	; 0x04
     db4:	8c 81       	ldd	r24, Y+4	; 0x04
     db6:	9d 81       	ldd	r25, Y+5	; 0x05
     db8:	81 30       	cpi	r24, 0x01	; 1
     dba:	91 05       	cpc	r25, r1
     dbc:	09 f4       	brne	.+2      	; 0xdc0 <MDIO_voidInitPin+0x2a>
     dbe:	47 c0       	rjmp	.+142    	; 0xe4e <MDIO_voidInitPin+0xb8>
     dc0:	2c 81       	ldd	r18, Y+4	; 0x04
     dc2:	3d 81       	ldd	r19, Y+5	; 0x05
     dc4:	22 30       	cpi	r18, 0x02	; 2
     dc6:	31 05       	cpc	r19, r1
     dc8:	2c f4       	brge	.+10     	; 0xdd4 <MDIO_voidInitPin+0x3e>
     dca:	8c 81       	ldd	r24, Y+4	; 0x04
     dcc:	9d 81       	ldd	r25, Y+5	; 0x05
     dce:	00 97       	sbiw	r24, 0x00	; 0
     dd0:	71 f0       	breq	.+28     	; 0xdee <MDIO_voidInitPin+0x58>
     dd2:	cb c0       	rjmp	.+406    	; 0xf6a <MDIO_voidInitPin+0x1d4>
     dd4:	2c 81       	ldd	r18, Y+4	; 0x04
     dd6:	3d 81       	ldd	r19, Y+5	; 0x05
     dd8:	22 30       	cpi	r18, 0x02	; 2
     dda:	31 05       	cpc	r19, r1
     ddc:	09 f4       	brne	.+2      	; 0xde0 <MDIO_voidInitPin+0x4a>
     dde:	67 c0       	rjmp	.+206    	; 0xeae <MDIO_voidInitPin+0x118>
     de0:	8c 81       	ldd	r24, Y+4	; 0x04
     de2:	9d 81       	ldd	r25, Y+5	; 0x05
     de4:	83 30       	cpi	r24, 0x03	; 3
     de6:	91 05       	cpc	r25, r1
     de8:	09 f4       	brne	.+2      	; 0xdec <MDIO_voidInitPin+0x56>
     dea:	91 c0       	rjmp	.+290    	; 0xf0e <MDIO_voidInitPin+0x178>
     dec:	be c0       	rjmp	.+380    	; 0xf6a <MDIO_voidInitPin+0x1d4>
	{
	case DIO_PORTA :
		if (A_u8PinMode == DIO_INPUT)
     dee:	8b 81       	ldd	r24, Y+3	; 0x03
     df0:	88 23       	and	r24, r24
     df2:	a9 f4       	brne	.+42     	; 0xe1e <MDIO_voidInitPin+0x88>
		{
			CLR_BIT(DDRA , A_u8PinNumber) ;
     df4:	aa e3       	ldi	r26, 0x3A	; 58
     df6:	b0 e0       	ldi	r27, 0x00	; 0
     df8:	ea e3       	ldi	r30, 0x3A	; 58
     dfa:	f0 e0       	ldi	r31, 0x00	; 0
     dfc:	80 81       	ld	r24, Z
     dfe:	48 2f       	mov	r20, r24
     e00:	8a 81       	ldd	r24, Y+2	; 0x02
     e02:	28 2f       	mov	r18, r24
     e04:	30 e0       	ldi	r19, 0x00	; 0
     e06:	81 e0       	ldi	r24, 0x01	; 1
     e08:	90 e0       	ldi	r25, 0x00	; 0
     e0a:	02 2e       	mov	r0, r18
     e0c:	02 c0       	rjmp	.+4      	; 0xe12 <MDIO_voidInitPin+0x7c>
     e0e:	88 0f       	add	r24, r24
     e10:	99 1f       	adc	r25, r25
     e12:	0a 94       	dec	r0
     e14:	e2 f7       	brpl	.-8      	; 0xe0e <MDIO_voidInitPin+0x78>
     e16:	80 95       	com	r24
     e18:	84 23       	and	r24, r20
     e1a:	8c 93       	st	X, r24
     e1c:	a6 c0       	rjmp	.+332    	; 0xf6a <MDIO_voidInitPin+0x1d4>
		}
		else if (A_u8PinMode == DIO_OUTPUT)
     e1e:	8b 81       	ldd	r24, Y+3	; 0x03
     e20:	81 30       	cpi	r24, 0x01	; 1
     e22:	09 f0       	breq	.+2      	; 0xe26 <MDIO_voidInitPin+0x90>
     e24:	a2 c0       	rjmp	.+324    	; 0xf6a <MDIO_voidInitPin+0x1d4>
		{
			SET_BIT(DDRA , A_u8PinNumber) ;
     e26:	aa e3       	ldi	r26, 0x3A	; 58
     e28:	b0 e0       	ldi	r27, 0x00	; 0
     e2a:	ea e3       	ldi	r30, 0x3A	; 58
     e2c:	f0 e0       	ldi	r31, 0x00	; 0
     e2e:	80 81       	ld	r24, Z
     e30:	48 2f       	mov	r20, r24
     e32:	8a 81       	ldd	r24, Y+2	; 0x02
     e34:	28 2f       	mov	r18, r24
     e36:	30 e0       	ldi	r19, 0x00	; 0
     e38:	81 e0       	ldi	r24, 0x01	; 1
     e3a:	90 e0       	ldi	r25, 0x00	; 0
     e3c:	02 2e       	mov	r0, r18
     e3e:	02 c0       	rjmp	.+4      	; 0xe44 <MDIO_voidInitPin+0xae>
     e40:	88 0f       	add	r24, r24
     e42:	99 1f       	adc	r25, r25
     e44:	0a 94       	dec	r0
     e46:	e2 f7       	brpl	.-8      	; 0xe40 <MDIO_voidInitPin+0xaa>
     e48:	84 2b       	or	r24, r20
     e4a:	8c 93       	st	X, r24
     e4c:	8e c0       	rjmp	.+284    	; 0xf6a <MDIO_voidInitPin+0x1d4>
		}
		break ;
	case DIO_PORTB :
		if (A_u8PinMode == DIO_INPUT)
     e4e:	8b 81       	ldd	r24, Y+3	; 0x03
     e50:	88 23       	and	r24, r24
     e52:	a9 f4       	brne	.+42     	; 0xe7e <MDIO_voidInitPin+0xe8>
		{
			CLR_BIT(DDRB , A_u8PinNumber) ;
     e54:	a7 e3       	ldi	r26, 0x37	; 55
     e56:	b0 e0       	ldi	r27, 0x00	; 0
     e58:	e7 e3       	ldi	r30, 0x37	; 55
     e5a:	f0 e0       	ldi	r31, 0x00	; 0
     e5c:	80 81       	ld	r24, Z
     e5e:	48 2f       	mov	r20, r24
     e60:	8a 81       	ldd	r24, Y+2	; 0x02
     e62:	28 2f       	mov	r18, r24
     e64:	30 e0       	ldi	r19, 0x00	; 0
     e66:	81 e0       	ldi	r24, 0x01	; 1
     e68:	90 e0       	ldi	r25, 0x00	; 0
     e6a:	02 2e       	mov	r0, r18
     e6c:	02 c0       	rjmp	.+4      	; 0xe72 <MDIO_voidInitPin+0xdc>
     e6e:	88 0f       	add	r24, r24
     e70:	99 1f       	adc	r25, r25
     e72:	0a 94       	dec	r0
     e74:	e2 f7       	brpl	.-8      	; 0xe6e <MDIO_voidInitPin+0xd8>
     e76:	80 95       	com	r24
     e78:	84 23       	and	r24, r20
     e7a:	8c 93       	st	X, r24
     e7c:	76 c0       	rjmp	.+236    	; 0xf6a <MDIO_voidInitPin+0x1d4>
		}
		else if (A_u8PinMode == DIO_OUTPUT)
     e7e:	8b 81       	ldd	r24, Y+3	; 0x03
     e80:	81 30       	cpi	r24, 0x01	; 1
     e82:	09 f0       	breq	.+2      	; 0xe86 <MDIO_voidInitPin+0xf0>
     e84:	72 c0       	rjmp	.+228    	; 0xf6a <MDIO_voidInitPin+0x1d4>
		{
			SET_BIT(DDRB , A_u8PinNumber) ;
     e86:	a7 e3       	ldi	r26, 0x37	; 55
     e88:	b0 e0       	ldi	r27, 0x00	; 0
     e8a:	e7 e3       	ldi	r30, 0x37	; 55
     e8c:	f0 e0       	ldi	r31, 0x00	; 0
     e8e:	80 81       	ld	r24, Z
     e90:	48 2f       	mov	r20, r24
     e92:	8a 81       	ldd	r24, Y+2	; 0x02
     e94:	28 2f       	mov	r18, r24
     e96:	30 e0       	ldi	r19, 0x00	; 0
     e98:	81 e0       	ldi	r24, 0x01	; 1
     e9a:	90 e0       	ldi	r25, 0x00	; 0
     e9c:	02 2e       	mov	r0, r18
     e9e:	02 c0       	rjmp	.+4      	; 0xea4 <MDIO_voidInitPin+0x10e>
     ea0:	88 0f       	add	r24, r24
     ea2:	99 1f       	adc	r25, r25
     ea4:	0a 94       	dec	r0
     ea6:	e2 f7       	brpl	.-8      	; 0xea0 <MDIO_voidInitPin+0x10a>
     ea8:	84 2b       	or	r24, r20
     eaa:	8c 93       	st	X, r24
     eac:	5e c0       	rjmp	.+188    	; 0xf6a <MDIO_voidInitPin+0x1d4>
		}
		break ;
	case DIO_PORTC :
		if (A_u8PinMode == DIO_INPUT)
     eae:	8b 81       	ldd	r24, Y+3	; 0x03
     eb0:	88 23       	and	r24, r24
     eb2:	a9 f4       	brne	.+42     	; 0xede <MDIO_voidInitPin+0x148>
		{
			CLR_BIT(DDRC , A_u8PinNumber) ;
     eb4:	a4 e3       	ldi	r26, 0x34	; 52
     eb6:	b0 e0       	ldi	r27, 0x00	; 0
     eb8:	e4 e3       	ldi	r30, 0x34	; 52
     eba:	f0 e0       	ldi	r31, 0x00	; 0
     ebc:	80 81       	ld	r24, Z
     ebe:	48 2f       	mov	r20, r24
     ec0:	8a 81       	ldd	r24, Y+2	; 0x02
     ec2:	28 2f       	mov	r18, r24
     ec4:	30 e0       	ldi	r19, 0x00	; 0
     ec6:	81 e0       	ldi	r24, 0x01	; 1
     ec8:	90 e0       	ldi	r25, 0x00	; 0
     eca:	02 2e       	mov	r0, r18
     ecc:	02 c0       	rjmp	.+4      	; 0xed2 <MDIO_voidInitPin+0x13c>
     ece:	88 0f       	add	r24, r24
     ed0:	99 1f       	adc	r25, r25
     ed2:	0a 94       	dec	r0
     ed4:	e2 f7       	brpl	.-8      	; 0xece <MDIO_voidInitPin+0x138>
     ed6:	80 95       	com	r24
     ed8:	84 23       	and	r24, r20
     eda:	8c 93       	st	X, r24
     edc:	46 c0       	rjmp	.+140    	; 0xf6a <MDIO_voidInitPin+0x1d4>
		}
		else if (A_u8PinMode == DIO_OUTPUT)
     ede:	8b 81       	ldd	r24, Y+3	; 0x03
     ee0:	81 30       	cpi	r24, 0x01	; 1
     ee2:	09 f0       	breq	.+2      	; 0xee6 <MDIO_voidInitPin+0x150>
     ee4:	42 c0       	rjmp	.+132    	; 0xf6a <MDIO_voidInitPin+0x1d4>
		{
			SET_BIT(DDRC , A_u8PinNumber) ;
     ee6:	a4 e3       	ldi	r26, 0x34	; 52
     ee8:	b0 e0       	ldi	r27, 0x00	; 0
     eea:	e4 e3       	ldi	r30, 0x34	; 52
     eec:	f0 e0       	ldi	r31, 0x00	; 0
     eee:	80 81       	ld	r24, Z
     ef0:	48 2f       	mov	r20, r24
     ef2:	8a 81       	ldd	r24, Y+2	; 0x02
     ef4:	28 2f       	mov	r18, r24
     ef6:	30 e0       	ldi	r19, 0x00	; 0
     ef8:	81 e0       	ldi	r24, 0x01	; 1
     efa:	90 e0       	ldi	r25, 0x00	; 0
     efc:	02 2e       	mov	r0, r18
     efe:	02 c0       	rjmp	.+4      	; 0xf04 <MDIO_voidInitPin+0x16e>
     f00:	88 0f       	add	r24, r24
     f02:	99 1f       	adc	r25, r25
     f04:	0a 94       	dec	r0
     f06:	e2 f7       	brpl	.-8      	; 0xf00 <MDIO_voidInitPin+0x16a>
     f08:	84 2b       	or	r24, r20
     f0a:	8c 93       	st	X, r24
     f0c:	2e c0       	rjmp	.+92     	; 0xf6a <MDIO_voidInitPin+0x1d4>
		}
		break ;
	case DIO_PORTD :
		if (A_u8PinMode == DIO_INPUT)
     f0e:	8b 81       	ldd	r24, Y+3	; 0x03
     f10:	88 23       	and	r24, r24
     f12:	a9 f4       	brne	.+42     	; 0xf3e <MDIO_voidInitPin+0x1a8>
		{
			CLR_BIT(DDRD , A_u8PinNumber) ;
     f14:	a1 e3       	ldi	r26, 0x31	; 49
     f16:	b0 e0       	ldi	r27, 0x00	; 0
     f18:	e1 e3       	ldi	r30, 0x31	; 49
     f1a:	f0 e0       	ldi	r31, 0x00	; 0
     f1c:	80 81       	ld	r24, Z
     f1e:	48 2f       	mov	r20, r24
     f20:	8a 81       	ldd	r24, Y+2	; 0x02
     f22:	28 2f       	mov	r18, r24
     f24:	30 e0       	ldi	r19, 0x00	; 0
     f26:	81 e0       	ldi	r24, 0x01	; 1
     f28:	90 e0       	ldi	r25, 0x00	; 0
     f2a:	02 2e       	mov	r0, r18
     f2c:	02 c0       	rjmp	.+4      	; 0xf32 <MDIO_voidInitPin+0x19c>
     f2e:	88 0f       	add	r24, r24
     f30:	99 1f       	adc	r25, r25
     f32:	0a 94       	dec	r0
     f34:	e2 f7       	brpl	.-8      	; 0xf2e <MDIO_voidInitPin+0x198>
     f36:	80 95       	com	r24
     f38:	84 23       	and	r24, r20
     f3a:	8c 93       	st	X, r24
     f3c:	16 c0       	rjmp	.+44     	; 0xf6a <MDIO_voidInitPin+0x1d4>
		}
		else if (A_u8PinMode == DIO_OUTPUT)
     f3e:	8b 81       	ldd	r24, Y+3	; 0x03
     f40:	81 30       	cpi	r24, 0x01	; 1
     f42:	99 f4       	brne	.+38     	; 0xf6a <MDIO_voidInitPin+0x1d4>
		{
			SET_BIT(DDRD , A_u8PinNumber) ;
     f44:	a1 e3       	ldi	r26, 0x31	; 49
     f46:	b0 e0       	ldi	r27, 0x00	; 0
     f48:	e1 e3       	ldi	r30, 0x31	; 49
     f4a:	f0 e0       	ldi	r31, 0x00	; 0
     f4c:	80 81       	ld	r24, Z
     f4e:	48 2f       	mov	r20, r24
     f50:	8a 81       	ldd	r24, Y+2	; 0x02
     f52:	28 2f       	mov	r18, r24
     f54:	30 e0       	ldi	r19, 0x00	; 0
     f56:	81 e0       	ldi	r24, 0x01	; 1
     f58:	90 e0       	ldi	r25, 0x00	; 0
     f5a:	02 2e       	mov	r0, r18
     f5c:	02 c0       	rjmp	.+4      	; 0xf62 <MDIO_voidInitPin+0x1cc>
     f5e:	88 0f       	add	r24, r24
     f60:	99 1f       	adc	r25, r25
     f62:	0a 94       	dec	r0
     f64:	e2 f7       	brpl	.-8      	; 0xf5e <MDIO_voidInitPin+0x1c8>
     f66:	84 2b       	or	r24, r20
     f68:	8c 93       	st	X, r24
		}
		break ;
	}
}
     f6a:	0f 90       	pop	r0
     f6c:	0f 90       	pop	r0
     f6e:	0f 90       	pop	r0
     f70:	0f 90       	pop	r0
     f72:	0f 90       	pop	r0
     f74:	cf 91       	pop	r28
     f76:	df 91       	pop	r29
     f78:	08 95       	ret

00000f7a <MDIO_voidSetPinValue>:
void MDIO_voidSetPinValue  (u8 A_u8PortName , u8 A_u8PinNumber , u8 A_u8PinValue)
{
     f7a:	df 93       	push	r29
     f7c:	cf 93       	push	r28
     f7e:	00 d0       	rcall	.+0      	; 0xf80 <MDIO_voidSetPinValue+0x6>
     f80:	00 d0       	rcall	.+0      	; 0xf82 <MDIO_voidSetPinValue+0x8>
     f82:	0f 92       	push	r0
     f84:	cd b7       	in	r28, 0x3d	; 61
     f86:	de b7       	in	r29, 0x3e	; 62
     f88:	89 83       	std	Y+1, r24	; 0x01
     f8a:	6a 83       	std	Y+2, r22	; 0x02
     f8c:	4b 83       	std	Y+3, r20	; 0x03
	switch (A_u8PortName)
     f8e:	89 81       	ldd	r24, Y+1	; 0x01
     f90:	28 2f       	mov	r18, r24
     f92:	30 e0       	ldi	r19, 0x00	; 0
     f94:	3d 83       	std	Y+5, r19	; 0x05
     f96:	2c 83       	std	Y+4, r18	; 0x04
     f98:	8c 81       	ldd	r24, Y+4	; 0x04
     f9a:	9d 81       	ldd	r25, Y+5	; 0x05
     f9c:	81 30       	cpi	r24, 0x01	; 1
     f9e:	91 05       	cpc	r25, r1
     fa0:	09 f4       	brne	.+2      	; 0xfa4 <MDIO_voidSetPinValue+0x2a>
     fa2:	47 c0       	rjmp	.+142    	; 0x1032 <MDIO_voidSetPinValue+0xb8>
     fa4:	2c 81       	ldd	r18, Y+4	; 0x04
     fa6:	3d 81       	ldd	r19, Y+5	; 0x05
     fa8:	22 30       	cpi	r18, 0x02	; 2
     faa:	31 05       	cpc	r19, r1
     fac:	2c f4       	brge	.+10     	; 0xfb8 <MDIO_voidSetPinValue+0x3e>
     fae:	8c 81       	ldd	r24, Y+4	; 0x04
     fb0:	9d 81       	ldd	r25, Y+5	; 0x05
     fb2:	00 97       	sbiw	r24, 0x00	; 0
     fb4:	71 f0       	breq	.+28     	; 0xfd2 <MDIO_voidSetPinValue+0x58>
     fb6:	cb c0       	rjmp	.+406    	; 0x114e <MDIO_voidSetPinValue+0x1d4>
     fb8:	2c 81       	ldd	r18, Y+4	; 0x04
     fba:	3d 81       	ldd	r19, Y+5	; 0x05
     fbc:	22 30       	cpi	r18, 0x02	; 2
     fbe:	31 05       	cpc	r19, r1
     fc0:	09 f4       	brne	.+2      	; 0xfc4 <MDIO_voidSetPinValue+0x4a>
     fc2:	67 c0       	rjmp	.+206    	; 0x1092 <MDIO_voidSetPinValue+0x118>
     fc4:	8c 81       	ldd	r24, Y+4	; 0x04
     fc6:	9d 81       	ldd	r25, Y+5	; 0x05
     fc8:	83 30       	cpi	r24, 0x03	; 3
     fca:	91 05       	cpc	r25, r1
     fcc:	09 f4       	brne	.+2      	; 0xfd0 <MDIO_voidSetPinValue+0x56>
     fce:	91 c0       	rjmp	.+290    	; 0x10f2 <MDIO_voidSetPinValue+0x178>
     fd0:	be c0       	rjmp	.+380    	; 0x114e <MDIO_voidSetPinValue+0x1d4>
	{
	case DIO_PORTA :
		if (A_u8PinValue == DIO_LOW)
     fd2:	8b 81       	ldd	r24, Y+3	; 0x03
     fd4:	88 23       	and	r24, r24
     fd6:	a9 f4       	brne	.+42     	; 0x1002 <MDIO_voidSetPinValue+0x88>
		{
			CLR_BIT(PORTA , A_u8PinNumber) ;
     fd8:	ab e3       	ldi	r26, 0x3B	; 59
     fda:	b0 e0       	ldi	r27, 0x00	; 0
     fdc:	eb e3       	ldi	r30, 0x3B	; 59
     fde:	f0 e0       	ldi	r31, 0x00	; 0
     fe0:	80 81       	ld	r24, Z
     fe2:	48 2f       	mov	r20, r24
     fe4:	8a 81       	ldd	r24, Y+2	; 0x02
     fe6:	28 2f       	mov	r18, r24
     fe8:	30 e0       	ldi	r19, 0x00	; 0
     fea:	81 e0       	ldi	r24, 0x01	; 1
     fec:	90 e0       	ldi	r25, 0x00	; 0
     fee:	02 2e       	mov	r0, r18
     ff0:	02 c0       	rjmp	.+4      	; 0xff6 <MDIO_voidSetPinValue+0x7c>
     ff2:	88 0f       	add	r24, r24
     ff4:	99 1f       	adc	r25, r25
     ff6:	0a 94       	dec	r0
     ff8:	e2 f7       	brpl	.-8      	; 0xff2 <MDIO_voidSetPinValue+0x78>
     ffa:	80 95       	com	r24
     ffc:	84 23       	and	r24, r20
     ffe:	8c 93       	st	X, r24
    1000:	a6 c0       	rjmp	.+332    	; 0x114e <MDIO_voidSetPinValue+0x1d4>
		}
		else if (A_u8PinValue == DIO_HIGH)
    1002:	8b 81       	ldd	r24, Y+3	; 0x03
    1004:	81 30       	cpi	r24, 0x01	; 1
    1006:	09 f0       	breq	.+2      	; 0x100a <MDIO_voidSetPinValue+0x90>
    1008:	a2 c0       	rjmp	.+324    	; 0x114e <MDIO_voidSetPinValue+0x1d4>
		{
			SET_BIT(PORTA , A_u8PinNumber) ;
    100a:	ab e3       	ldi	r26, 0x3B	; 59
    100c:	b0 e0       	ldi	r27, 0x00	; 0
    100e:	eb e3       	ldi	r30, 0x3B	; 59
    1010:	f0 e0       	ldi	r31, 0x00	; 0
    1012:	80 81       	ld	r24, Z
    1014:	48 2f       	mov	r20, r24
    1016:	8a 81       	ldd	r24, Y+2	; 0x02
    1018:	28 2f       	mov	r18, r24
    101a:	30 e0       	ldi	r19, 0x00	; 0
    101c:	81 e0       	ldi	r24, 0x01	; 1
    101e:	90 e0       	ldi	r25, 0x00	; 0
    1020:	02 2e       	mov	r0, r18
    1022:	02 c0       	rjmp	.+4      	; 0x1028 <MDIO_voidSetPinValue+0xae>
    1024:	88 0f       	add	r24, r24
    1026:	99 1f       	adc	r25, r25
    1028:	0a 94       	dec	r0
    102a:	e2 f7       	brpl	.-8      	; 0x1024 <MDIO_voidSetPinValue+0xaa>
    102c:	84 2b       	or	r24, r20
    102e:	8c 93       	st	X, r24
    1030:	8e c0       	rjmp	.+284    	; 0x114e <MDIO_voidSetPinValue+0x1d4>
		}
		break ;
	case DIO_PORTB :
		if (A_u8PinValue == DIO_LOW)
    1032:	8b 81       	ldd	r24, Y+3	; 0x03
    1034:	88 23       	and	r24, r24
    1036:	a9 f4       	brne	.+42     	; 0x1062 <MDIO_voidSetPinValue+0xe8>
		{
			CLR_BIT(PORTB , A_u8PinNumber) ;
    1038:	a8 e3       	ldi	r26, 0x38	; 56
    103a:	b0 e0       	ldi	r27, 0x00	; 0
    103c:	e8 e3       	ldi	r30, 0x38	; 56
    103e:	f0 e0       	ldi	r31, 0x00	; 0
    1040:	80 81       	ld	r24, Z
    1042:	48 2f       	mov	r20, r24
    1044:	8a 81       	ldd	r24, Y+2	; 0x02
    1046:	28 2f       	mov	r18, r24
    1048:	30 e0       	ldi	r19, 0x00	; 0
    104a:	81 e0       	ldi	r24, 0x01	; 1
    104c:	90 e0       	ldi	r25, 0x00	; 0
    104e:	02 2e       	mov	r0, r18
    1050:	02 c0       	rjmp	.+4      	; 0x1056 <MDIO_voidSetPinValue+0xdc>
    1052:	88 0f       	add	r24, r24
    1054:	99 1f       	adc	r25, r25
    1056:	0a 94       	dec	r0
    1058:	e2 f7       	brpl	.-8      	; 0x1052 <MDIO_voidSetPinValue+0xd8>
    105a:	80 95       	com	r24
    105c:	84 23       	and	r24, r20
    105e:	8c 93       	st	X, r24
    1060:	76 c0       	rjmp	.+236    	; 0x114e <MDIO_voidSetPinValue+0x1d4>
		}
		else if (A_u8PinValue == DIO_HIGH)
    1062:	8b 81       	ldd	r24, Y+3	; 0x03
    1064:	81 30       	cpi	r24, 0x01	; 1
    1066:	09 f0       	breq	.+2      	; 0x106a <MDIO_voidSetPinValue+0xf0>
    1068:	72 c0       	rjmp	.+228    	; 0x114e <MDIO_voidSetPinValue+0x1d4>
		{
			SET_BIT(PORTB , A_u8PinNumber) ;
    106a:	a8 e3       	ldi	r26, 0x38	; 56
    106c:	b0 e0       	ldi	r27, 0x00	; 0
    106e:	e8 e3       	ldi	r30, 0x38	; 56
    1070:	f0 e0       	ldi	r31, 0x00	; 0
    1072:	80 81       	ld	r24, Z
    1074:	48 2f       	mov	r20, r24
    1076:	8a 81       	ldd	r24, Y+2	; 0x02
    1078:	28 2f       	mov	r18, r24
    107a:	30 e0       	ldi	r19, 0x00	; 0
    107c:	81 e0       	ldi	r24, 0x01	; 1
    107e:	90 e0       	ldi	r25, 0x00	; 0
    1080:	02 2e       	mov	r0, r18
    1082:	02 c0       	rjmp	.+4      	; 0x1088 <MDIO_voidSetPinValue+0x10e>
    1084:	88 0f       	add	r24, r24
    1086:	99 1f       	adc	r25, r25
    1088:	0a 94       	dec	r0
    108a:	e2 f7       	brpl	.-8      	; 0x1084 <MDIO_voidSetPinValue+0x10a>
    108c:	84 2b       	or	r24, r20
    108e:	8c 93       	st	X, r24
    1090:	5e c0       	rjmp	.+188    	; 0x114e <MDIO_voidSetPinValue+0x1d4>
		}
		break ;
	case DIO_PORTC :
		if (A_u8PinValue == DIO_LOW)
    1092:	8b 81       	ldd	r24, Y+3	; 0x03
    1094:	88 23       	and	r24, r24
    1096:	a9 f4       	brne	.+42     	; 0x10c2 <MDIO_voidSetPinValue+0x148>
		{
			CLR_BIT(PORTC , A_u8PinNumber) ;
    1098:	a5 e3       	ldi	r26, 0x35	; 53
    109a:	b0 e0       	ldi	r27, 0x00	; 0
    109c:	e5 e3       	ldi	r30, 0x35	; 53
    109e:	f0 e0       	ldi	r31, 0x00	; 0
    10a0:	80 81       	ld	r24, Z
    10a2:	48 2f       	mov	r20, r24
    10a4:	8a 81       	ldd	r24, Y+2	; 0x02
    10a6:	28 2f       	mov	r18, r24
    10a8:	30 e0       	ldi	r19, 0x00	; 0
    10aa:	81 e0       	ldi	r24, 0x01	; 1
    10ac:	90 e0       	ldi	r25, 0x00	; 0
    10ae:	02 2e       	mov	r0, r18
    10b0:	02 c0       	rjmp	.+4      	; 0x10b6 <MDIO_voidSetPinValue+0x13c>
    10b2:	88 0f       	add	r24, r24
    10b4:	99 1f       	adc	r25, r25
    10b6:	0a 94       	dec	r0
    10b8:	e2 f7       	brpl	.-8      	; 0x10b2 <MDIO_voidSetPinValue+0x138>
    10ba:	80 95       	com	r24
    10bc:	84 23       	and	r24, r20
    10be:	8c 93       	st	X, r24
    10c0:	46 c0       	rjmp	.+140    	; 0x114e <MDIO_voidSetPinValue+0x1d4>
		}
		else if (A_u8PinValue == DIO_HIGH)
    10c2:	8b 81       	ldd	r24, Y+3	; 0x03
    10c4:	81 30       	cpi	r24, 0x01	; 1
    10c6:	09 f0       	breq	.+2      	; 0x10ca <MDIO_voidSetPinValue+0x150>
    10c8:	42 c0       	rjmp	.+132    	; 0x114e <MDIO_voidSetPinValue+0x1d4>
		{
			SET_BIT(PORTC , A_u8PinNumber) ;
    10ca:	a5 e3       	ldi	r26, 0x35	; 53
    10cc:	b0 e0       	ldi	r27, 0x00	; 0
    10ce:	e5 e3       	ldi	r30, 0x35	; 53
    10d0:	f0 e0       	ldi	r31, 0x00	; 0
    10d2:	80 81       	ld	r24, Z
    10d4:	48 2f       	mov	r20, r24
    10d6:	8a 81       	ldd	r24, Y+2	; 0x02
    10d8:	28 2f       	mov	r18, r24
    10da:	30 e0       	ldi	r19, 0x00	; 0
    10dc:	81 e0       	ldi	r24, 0x01	; 1
    10de:	90 e0       	ldi	r25, 0x00	; 0
    10e0:	02 2e       	mov	r0, r18
    10e2:	02 c0       	rjmp	.+4      	; 0x10e8 <MDIO_voidSetPinValue+0x16e>
    10e4:	88 0f       	add	r24, r24
    10e6:	99 1f       	adc	r25, r25
    10e8:	0a 94       	dec	r0
    10ea:	e2 f7       	brpl	.-8      	; 0x10e4 <MDIO_voidSetPinValue+0x16a>
    10ec:	84 2b       	or	r24, r20
    10ee:	8c 93       	st	X, r24
    10f0:	2e c0       	rjmp	.+92     	; 0x114e <MDIO_voidSetPinValue+0x1d4>
		}
		break ;
	case DIO_PORTD :
		if (A_u8PinValue == DIO_LOW)
    10f2:	8b 81       	ldd	r24, Y+3	; 0x03
    10f4:	88 23       	and	r24, r24
    10f6:	a9 f4       	brne	.+42     	; 0x1122 <MDIO_voidSetPinValue+0x1a8>
		{
			CLR_BIT(PORTD , A_u8PinNumber) ;
    10f8:	a2 e3       	ldi	r26, 0x32	; 50
    10fa:	b0 e0       	ldi	r27, 0x00	; 0
    10fc:	e2 e3       	ldi	r30, 0x32	; 50
    10fe:	f0 e0       	ldi	r31, 0x00	; 0
    1100:	80 81       	ld	r24, Z
    1102:	48 2f       	mov	r20, r24
    1104:	8a 81       	ldd	r24, Y+2	; 0x02
    1106:	28 2f       	mov	r18, r24
    1108:	30 e0       	ldi	r19, 0x00	; 0
    110a:	81 e0       	ldi	r24, 0x01	; 1
    110c:	90 e0       	ldi	r25, 0x00	; 0
    110e:	02 2e       	mov	r0, r18
    1110:	02 c0       	rjmp	.+4      	; 0x1116 <MDIO_voidSetPinValue+0x19c>
    1112:	88 0f       	add	r24, r24
    1114:	99 1f       	adc	r25, r25
    1116:	0a 94       	dec	r0
    1118:	e2 f7       	brpl	.-8      	; 0x1112 <MDIO_voidSetPinValue+0x198>
    111a:	80 95       	com	r24
    111c:	84 23       	and	r24, r20
    111e:	8c 93       	st	X, r24
    1120:	16 c0       	rjmp	.+44     	; 0x114e <MDIO_voidSetPinValue+0x1d4>
		}
		else if (A_u8PinValue == DIO_HIGH)
    1122:	8b 81       	ldd	r24, Y+3	; 0x03
    1124:	81 30       	cpi	r24, 0x01	; 1
    1126:	99 f4       	brne	.+38     	; 0x114e <MDIO_voidSetPinValue+0x1d4>
		{
			SET_BIT(PORTD , A_u8PinNumber) ;
    1128:	a2 e3       	ldi	r26, 0x32	; 50
    112a:	b0 e0       	ldi	r27, 0x00	; 0
    112c:	e2 e3       	ldi	r30, 0x32	; 50
    112e:	f0 e0       	ldi	r31, 0x00	; 0
    1130:	80 81       	ld	r24, Z
    1132:	48 2f       	mov	r20, r24
    1134:	8a 81       	ldd	r24, Y+2	; 0x02
    1136:	28 2f       	mov	r18, r24
    1138:	30 e0       	ldi	r19, 0x00	; 0
    113a:	81 e0       	ldi	r24, 0x01	; 1
    113c:	90 e0       	ldi	r25, 0x00	; 0
    113e:	02 2e       	mov	r0, r18
    1140:	02 c0       	rjmp	.+4      	; 0x1146 <MDIO_voidSetPinValue+0x1cc>
    1142:	88 0f       	add	r24, r24
    1144:	99 1f       	adc	r25, r25
    1146:	0a 94       	dec	r0
    1148:	e2 f7       	brpl	.-8      	; 0x1142 <MDIO_voidSetPinValue+0x1c8>
    114a:	84 2b       	or	r24, r20
    114c:	8c 93       	st	X, r24
		}
		break ;
	}
}
    114e:	0f 90       	pop	r0
    1150:	0f 90       	pop	r0
    1152:	0f 90       	pop	r0
    1154:	0f 90       	pop	r0
    1156:	0f 90       	pop	r0
    1158:	cf 91       	pop	r28
    115a:	df 91       	pop	r29
    115c:	08 95       	ret

0000115e <MDIO_u8ReadPinValue>:
u8   MDIO_u8ReadPinValue   (u8 A_u8PortName , u8 A_u8PinNumber)
{
    115e:	df 93       	push	r29
    1160:	cf 93       	push	r28
    1162:	00 d0       	rcall	.+0      	; 0x1164 <MDIO_u8ReadPinValue+0x6>
    1164:	00 d0       	rcall	.+0      	; 0x1166 <MDIO_u8ReadPinValue+0x8>
    1166:	0f 92       	push	r0
    1168:	cd b7       	in	r28, 0x3d	; 61
    116a:	de b7       	in	r29, 0x3e	; 62
    116c:	8a 83       	std	Y+2, r24	; 0x02
    116e:	6b 83       	std	Y+3, r22	; 0x03
	u8 L_u8PinValue ;
	switch (A_u8PortName)
    1170:	8a 81       	ldd	r24, Y+2	; 0x02
    1172:	28 2f       	mov	r18, r24
    1174:	30 e0       	ldi	r19, 0x00	; 0
    1176:	3d 83       	std	Y+5, r19	; 0x05
    1178:	2c 83       	std	Y+4, r18	; 0x04
    117a:	4c 81       	ldd	r20, Y+4	; 0x04
    117c:	5d 81       	ldd	r21, Y+5	; 0x05
    117e:	41 30       	cpi	r20, 0x01	; 1
    1180:	51 05       	cpc	r21, r1
    1182:	b1 f1       	breq	.+108    	; 0x11f0 <MDIO_u8ReadPinValue+0x92>
    1184:	8c 81       	ldd	r24, Y+4	; 0x04
    1186:	9d 81       	ldd	r25, Y+5	; 0x05
    1188:	82 30       	cpi	r24, 0x02	; 2
    118a:	91 05       	cpc	r25, r1
    118c:	34 f4       	brge	.+12     	; 0x119a <MDIO_u8ReadPinValue+0x3c>
    118e:	2c 81       	ldd	r18, Y+4	; 0x04
    1190:	3d 81       	ldd	r19, Y+5	; 0x05
    1192:	21 15       	cp	r18, r1
    1194:	31 05       	cpc	r19, r1
    1196:	71 f0       	breq	.+28     	; 0x11b4 <MDIO_u8ReadPinValue+0x56>
    1198:	84 c0       	rjmp	.+264    	; 0x12a2 <MDIO_u8ReadPinValue+0x144>
    119a:	4c 81       	ldd	r20, Y+4	; 0x04
    119c:	5d 81       	ldd	r21, Y+5	; 0x05
    119e:	42 30       	cpi	r20, 0x02	; 2
    11a0:	51 05       	cpc	r21, r1
    11a2:	09 f4       	brne	.+2      	; 0x11a6 <MDIO_u8ReadPinValue+0x48>
    11a4:	43 c0       	rjmp	.+134    	; 0x122c <MDIO_u8ReadPinValue+0xce>
    11a6:	8c 81       	ldd	r24, Y+4	; 0x04
    11a8:	9d 81       	ldd	r25, Y+5	; 0x05
    11aa:	83 30       	cpi	r24, 0x03	; 3
    11ac:	91 05       	cpc	r25, r1
    11ae:	09 f4       	brne	.+2      	; 0x11b2 <MDIO_u8ReadPinValue+0x54>
    11b0:	5b c0       	rjmp	.+182    	; 0x1268 <MDIO_u8ReadPinValue+0x10a>
    11b2:	77 c0       	rjmp	.+238    	; 0x12a2 <MDIO_u8ReadPinValue+0x144>
	{
	case DIO_PORTA :
		L_u8PinValue = READ_BIT(PINA , A_u8PinNumber) ;
    11b4:	e9 e3       	ldi	r30, 0x39	; 57
    11b6:	f0 e0       	ldi	r31, 0x00	; 0
    11b8:	80 81       	ld	r24, Z
    11ba:	48 2f       	mov	r20, r24
    11bc:	50 e0       	ldi	r21, 0x00	; 0
    11be:	8b 81       	ldd	r24, Y+3	; 0x03
    11c0:	28 2f       	mov	r18, r24
    11c2:	30 e0       	ldi	r19, 0x00	; 0
    11c4:	81 e0       	ldi	r24, 0x01	; 1
    11c6:	90 e0       	ldi	r25, 0x00	; 0
    11c8:	02 c0       	rjmp	.+4      	; 0x11ce <MDIO_u8ReadPinValue+0x70>
    11ca:	88 0f       	add	r24, r24
    11cc:	99 1f       	adc	r25, r25
    11ce:	2a 95       	dec	r18
    11d0:	e2 f7       	brpl	.-8      	; 0x11ca <MDIO_u8ReadPinValue+0x6c>
    11d2:	9a 01       	movw	r18, r20
    11d4:	28 23       	and	r18, r24
    11d6:	39 23       	and	r19, r25
    11d8:	8b 81       	ldd	r24, Y+3	; 0x03
    11da:	88 2f       	mov	r24, r24
    11dc:	90 e0       	ldi	r25, 0x00	; 0
    11de:	a9 01       	movw	r20, r18
    11e0:	02 c0       	rjmp	.+4      	; 0x11e6 <MDIO_u8ReadPinValue+0x88>
    11e2:	55 95       	asr	r21
    11e4:	47 95       	ror	r20
    11e6:	8a 95       	dec	r24
    11e8:	e2 f7       	brpl	.-8      	; 0x11e2 <MDIO_u8ReadPinValue+0x84>
    11ea:	ca 01       	movw	r24, r20
    11ec:	89 83       	std	Y+1, r24	; 0x01
    11ee:	59 c0       	rjmp	.+178    	; 0x12a2 <MDIO_u8ReadPinValue+0x144>
		break ;
	case DIO_PORTB :
		L_u8PinValue = READ_BIT(PINB , A_u8PinNumber) ;
    11f0:	e6 e3       	ldi	r30, 0x36	; 54
    11f2:	f0 e0       	ldi	r31, 0x00	; 0
    11f4:	80 81       	ld	r24, Z
    11f6:	48 2f       	mov	r20, r24
    11f8:	50 e0       	ldi	r21, 0x00	; 0
    11fa:	8b 81       	ldd	r24, Y+3	; 0x03
    11fc:	28 2f       	mov	r18, r24
    11fe:	30 e0       	ldi	r19, 0x00	; 0
    1200:	81 e0       	ldi	r24, 0x01	; 1
    1202:	90 e0       	ldi	r25, 0x00	; 0
    1204:	02 c0       	rjmp	.+4      	; 0x120a <MDIO_u8ReadPinValue+0xac>
    1206:	88 0f       	add	r24, r24
    1208:	99 1f       	adc	r25, r25
    120a:	2a 95       	dec	r18
    120c:	e2 f7       	brpl	.-8      	; 0x1206 <MDIO_u8ReadPinValue+0xa8>
    120e:	9a 01       	movw	r18, r20
    1210:	28 23       	and	r18, r24
    1212:	39 23       	and	r19, r25
    1214:	8b 81       	ldd	r24, Y+3	; 0x03
    1216:	88 2f       	mov	r24, r24
    1218:	90 e0       	ldi	r25, 0x00	; 0
    121a:	a9 01       	movw	r20, r18
    121c:	02 c0       	rjmp	.+4      	; 0x1222 <MDIO_u8ReadPinValue+0xc4>
    121e:	55 95       	asr	r21
    1220:	47 95       	ror	r20
    1222:	8a 95       	dec	r24
    1224:	e2 f7       	brpl	.-8      	; 0x121e <MDIO_u8ReadPinValue+0xc0>
    1226:	ca 01       	movw	r24, r20
    1228:	89 83       	std	Y+1, r24	; 0x01
    122a:	3b c0       	rjmp	.+118    	; 0x12a2 <MDIO_u8ReadPinValue+0x144>
		break ;
	case DIO_PORTC :
		L_u8PinValue = READ_BIT(PINC , A_u8PinNumber) ;
    122c:	e3 e3       	ldi	r30, 0x33	; 51
    122e:	f0 e0       	ldi	r31, 0x00	; 0
    1230:	80 81       	ld	r24, Z
    1232:	48 2f       	mov	r20, r24
    1234:	50 e0       	ldi	r21, 0x00	; 0
    1236:	8b 81       	ldd	r24, Y+3	; 0x03
    1238:	28 2f       	mov	r18, r24
    123a:	30 e0       	ldi	r19, 0x00	; 0
    123c:	81 e0       	ldi	r24, 0x01	; 1
    123e:	90 e0       	ldi	r25, 0x00	; 0
    1240:	02 c0       	rjmp	.+4      	; 0x1246 <MDIO_u8ReadPinValue+0xe8>
    1242:	88 0f       	add	r24, r24
    1244:	99 1f       	adc	r25, r25
    1246:	2a 95       	dec	r18
    1248:	e2 f7       	brpl	.-8      	; 0x1242 <MDIO_u8ReadPinValue+0xe4>
    124a:	9a 01       	movw	r18, r20
    124c:	28 23       	and	r18, r24
    124e:	39 23       	and	r19, r25
    1250:	8b 81       	ldd	r24, Y+3	; 0x03
    1252:	88 2f       	mov	r24, r24
    1254:	90 e0       	ldi	r25, 0x00	; 0
    1256:	a9 01       	movw	r20, r18
    1258:	02 c0       	rjmp	.+4      	; 0x125e <MDIO_u8ReadPinValue+0x100>
    125a:	55 95       	asr	r21
    125c:	47 95       	ror	r20
    125e:	8a 95       	dec	r24
    1260:	e2 f7       	brpl	.-8      	; 0x125a <MDIO_u8ReadPinValue+0xfc>
    1262:	ca 01       	movw	r24, r20
    1264:	89 83       	std	Y+1, r24	; 0x01
    1266:	1d c0       	rjmp	.+58     	; 0x12a2 <MDIO_u8ReadPinValue+0x144>
		break ;
	case DIO_PORTD :
		L_u8PinValue = READ_BIT(PIND , A_u8PinNumber) ;
    1268:	e0 e3       	ldi	r30, 0x30	; 48
    126a:	f0 e0       	ldi	r31, 0x00	; 0
    126c:	80 81       	ld	r24, Z
    126e:	48 2f       	mov	r20, r24
    1270:	50 e0       	ldi	r21, 0x00	; 0
    1272:	8b 81       	ldd	r24, Y+3	; 0x03
    1274:	28 2f       	mov	r18, r24
    1276:	30 e0       	ldi	r19, 0x00	; 0
    1278:	81 e0       	ldi	r24, 0x01	; 1
    127a:	90 e0       	ldi	r25, 0x00	; 0
    127c:	02 c0       	rjmp	.+4      	; 0x1282 <MDIO_u8ReadPinValue+0x124>
    127e:	88 0f       	add	r24, r24
    1280:	99 1f       	adc	r25, r25
    1282:	2a 95       	dec	r18
    1284:	e2 f7       	brpl	.-8      	; 0x127e <MDIO_u8ReadPinValue+0x120>
    1286:	9a 01       	movw	r18, r20
    1288:	28 23       	and	r18, r24
    128a:	39 23       	and	r19, r25
    128c:	8b 81       	ldd	r24, Y+3	; 0x03
    128e:	88 2f       	mov	r24, r24
    1290:	90 e0       	ldi	r25, 0x00	; 0
    1292:	a9 01       	movw	r20, r18
    1294:	02 c0       	rjmp	.+4      	; 0x129a <MDIO_u8ReadPinValue+0x13c>
    1296:	55 95       	asr	r21
    1298:	47 95       	ror	r20
    129a:	8a 95       	dec	r24
    129c:	e2 f7       	brpl	.-8      	; 0x1296 <MDIO_u8ReadPinValue+0x138>
    129e:	ca 01       	movw	r24, r20
    12a0:	89 83       	std	Y+1, r24	; 0x01
		break ;
	}
	return L_u8PinValue ;
    12a2:	89 81       	ldd	r24, Y+1	; 0x01
}
    12a4:	0f 90       	pop	r0
    12a6:	0f 90       	pop	r0
    12a8:	0f 90       	pop	r0
    12aa:	0f 90       	pop	r0
    12ac:	0f 90       	pop	r0
    12ae:	cf 91       	pop	r28
    12b0:	df 91       	pop	r29
    12b2:	08 95       	ret

000012b4 <MDIO_voidTogPinValue>:
void MDIO_voidTogPinValue  (u8 A_u8PortName , u8 A_u8PinNumber)
{
    12b4:	df 93       	push	r29
    12b6:	cf 93       	push	r28
    12b8:	00 d0       	rcall	.+0      	; 0x12ba <MDIO_voidTogPinValue+0x6>
    12ba:	00 d0       	rcall	.+0      	; 0x12bc <MDIO_voidTogPinValue+0x8>
    12bc:	cd b7       	in	r28, 0x3d	; 61
    12be:	de b7       	in	r29, 0x3e	; 62
    12c0:	89 83       	std	Y+1, r24	; 0x01
    12c2:	6a 83       	std	Y+2, r22	; 0x02
	switch (A_u8PortName)
    12c4:	89 81       	ldd	r24, Y+1	; 0x01
    12c6:	28 2f       	mov	r18, r24
    12c8:	30 e0       	ldi	r19, 0x00	; 0
    12ca:	3c 83       	std	Y+4, r19	; 0x04
    12cc:	2b 83       	std	Y+3, r18	; 0x03
    12ce:	8b 81       	ldd	r24, Y+3	; 0x03
    12d0:	9c 81       	ldd	r25, Y+4	; 0x04
    12d2:	81 30       	cpi	r24, 0x01	; 1
    12d4:	91 05       	cpc	r25, r1
    12d6:	49 f1       	breq	.+82     	; 0x132a <MDIO_voidTogPinValue+0x76>
    12d8:	2b 81       	ldd	r18, Y+3	; 0x03
    12da:	3c 81       	ldd	r19, Y+4	; 0x04
    12dc:	22 30       	cpi	r18, 0x02	; 2
    12de:	31 05       	cpc	r19, r1
    12e0:	2c f4       	brge	.+10     	; 0x12ec <MDIO_voidTogPinValue+0x38>
    12e2:	8b 81       	ldd	r24, Y+3	; 0x03
    12e4:	9c 81       	ldd	r25, Y+4	; 0x04
    12e6:	00 97       	sbiw	r24, 0x00	; 0
    12e8:	61 f0       	breq	.+24     	; 0x1302 <MDIO_voidTogPinValue+0x4e>
    12ea:	5a c0       	rjmp	.+180    	; 0x13a0 <MDIO_voidTogPinValue+0xec>
    12ec:	2b 81       	ldd	r18, Y+3	; 0x03
    12ee:	3c 81       	ldd	r19, Y+4	; 0x04
    12f0:	22 30       	cpi	r18, 0x02	; 2
    12f2:	31 05       	cpc	r19, r1
    12f4:	71 f1       	breq	.+92     	; 0x1352 <MDIO_voidTogPinValue+0x9e>
    12f6:	8b 81       	ldd	r24, Y+3	; 0x03
    12f8:	9c 81       	ldd	r25, Y+4	; 0x04
    12fa:	83 30       	cpi	r24, 0x03	; 3
    12fc:	91 05       	cpc	r25, r1
    12fe:	e9 f1       	breq	.+122    	; 0x137a <MDIO_voidTogPinValue+0xc6>
    1300:	4f c0       	rjmp	.+158    	; 0x13a0 <MDIO_voidTogPinValue+0xec>
	{
	case DIO_PORTA :
		TOG_BIT(PORTA , A_u8PinNumber) ;
    1302:	ab e3       	ldi	r26, 0x3B	; 59
    1304:	b0 e0       	ldi	r27, 0x00	; 0
    1306:	eb e3       	ldi	r30, 0x3B	; 59
    1308:	f0 e0       	ldi	r31, 0x00	; 0
    130a:	80 81       	ld	r24, Z
    130c:	48 2f       	mov	r20, r24
    130e:	8a 81       	ldd	r24, Y+2	; 0x02
    1310:	28 2f       	mov	r18, r24
    1312:	30 e0       	ldi	r19, 0x00	; 0
    1314:	81 e0       	ldi	r24, 0x01	; 1
    1316:	90 e0       	ldi	r25, 0x00	; 0
    1318:	02 2e       	mov	r0, r18
    131a:	02 c0       	rjmp	.+4      	; 0x1320 <MDIO_voidTogPinValue+0x6c>
    131c:	88 0f       	add	r24, r24
    131e:	99 1f       	adc	r25, r25
    1320:	0a 94       	dec	r0
    1322:	e2 f7       	brpl	.-8      	; 0x131c <MDIO_voidTogPinValue+0x68>
    1324:	84 27       	eor	r24, r20
    1326:	8c 93       	st	X, r24
    1328:	3b c0       	rjmp	.+118    	; 0x13a0 <MDIO_voidTogPinValue+0xec>
		break ;
	case DIO_PORTB :
		TOG_BIT(PORTB , A_u8PinNumber) ;
    132a:	a8 e3       	ldi	r26, 0x38	; 56
    132c:	b0 e0       	ldi	r27, 0x00	; 0
    132e:	e8 e3       	ldi	r30, 0x38	; 56
    1330:	f0 e0       	ldi	r31, 0x00	; 0
    1332:	80 81       	ld	r24, Z
    1334:	48 2f       	mov	r20, r24
    1336:	8a 81       	ldd	r24, Y+2	; 0x02
    1338:	28 2f       	mov	r18, r24
    133a:	30 e0       	ldi	r19, 0x00	; 0
    133c:	81 e0       	ldi	r24, 0x01	; 1
    133e:	90 e0       	ldi	r25, 0x00	; 0
    1340:	02 2e       	mov	r0, r18
    1342:	02 c0       	rjmp	.+4      	; 0x1348 <MDIO_voidTogPinValue+0x94>
    1344:	88 0f       	add	r24, r24
    1346:	99 1f       	adc	r25, r25
    1348:	0a 94       	dec	r0
    134a:	e2 f7       	brpl	.-8      	; 0x1344 <MDIO_voidTogPinValue+0x90>
    134c:	84 27       	eor	r24, r20
    134e:	8c 93       	st	X, r24
    1350:	27 c0       	rjmp	.+78     	; 0x13a0 <MDIO_voidTogPinValue+0xec>
		break ;
	case DIO_PORTC :
		TOG_BIT(PORTC , A_u8PinNumber) ;
    1352:	a5 e3       	ldi	r26, 0x35	; 53
    1354:	b0 e0       	ldi	r27, 0x00	; 0
    1356:	e5 e3       	ldi	r30, 0x35	; 53
    1358:	f0 e0       	ldi	r31, 0x00	; 0
    135a:	80 81       	ld	r24, Z
    135c:	48 2f       	mov	r20, r24
    135e:	8a 81       	ldd	r24, Y+2	; 0x02
    1360:	28 2f       	mov	r18, r24
    1362:	30 e0       	ldi	r19, 0x00	; 0
    1364:	81 e0       	ldi	r24, 0x01	; 1
    1366:	90 e0       	ldi	r25, 0x00	; 0
    1368:	02 2e       	mov	r0, r18
    136a:	02 c0       	rjmp	.+4      	; 0x1370 <MDIO_voidTogPinValue+0xbc>
    136c:	88 0f       	add	r24, r24
    136e:	99 1f       	adc	r25, r25
    1370:	0a 94       	dec	r0
    1372:	e2 f7       	brpl	.-8      	; 0x136c <MDIO_voidTogPinValue+0xb8>
    1374:	84 27       	eor	r24, r20
    1376:	8c 93       	st	X, r24
    1378:	13 c0       	rjmp	.+38     	; 0x13a0 <MDIO_voidTogPinValue+0xec>
		break ;
	case DIO_PORTD :
		TOG_BIT(PORTD , A_u8PinNumber) ;
    137a:	a2 e3       	ldi	r26, 0x32	; 50
    137c:	b0 e0       	ldi	r27, 0x00	; 0
    137e:	e2 e3       	ldi	r30, 0x32	; 50
    1380:	f0 e0       	ldi	r31, 0x00	; 0
    1382:	80 81       	ld	r24, Z
    1384:	48 2f       	mov	r20, r24
    1386:	8a 81       	ldd	r24, Y+2	; 0x02
    1388:	28 2f       	mov	r18, r24
    138a:	30 e0       	ldi	r19, 0x00	; 0
    138c:	81 e0       	ldi	r24, 0x01	; 1
    138e:	90 e0       	ldi	r25, 0x00	; 0
    1390:	02 2e       	mov	r0, r18
    1392:	02 c0       	rjmp	.+4      	; 0x1398 <MDIO_voidTogPinValue+0xe4>
    1394:	88 0f       	add	r24, r24
    1396:	99 1f       	adc	r25, r25
    1398:	0a 94       	dec	r0
    139a:	e2 f7       	brpl	.-8      	; 0x1394 <MDIO_voidTogPinValue+0xe0>
    139c:	84 27       	eor	r24, r20
    139e:	8c 93       	st	X, r24
		break ;
	}
}
    13a0:	0f 90       	pop	r0
    13a2:	0f 90       	pop	r0
    13a4:	0f 90       	pop	r0
    13a6:	0f 90       	pop	r0
    13a8:	cf 91       	pop	r28
    13aa:	df 91       	pop	r29
    13ac:	08 95       	ret

000013ae <MDIO_voidInitPort>:
void MDIO_voidInitPort      (u8 A_u8PortName , u8 A_u8PortMode)
{
    13ae:	df 93       	push	r29
    13b0:	cf 93       	push	r28
    13b2:	00 d0       	rcall	.+0      	; 0x13b4 <MDIO_voidInitPort+0x6>
    13b4:	00 d0       	rcall	.+0      	; 0x13b6 <MDIO_voidInitPort+0x8>
    13b6:	cd b7       	in	r28, 0x3d	; 61
    13b8:	de b7       	in	r29, 0x3e	; 62
    13ba:	89 83       	std	Y+1, r24	; 0x01
    13bc:	6a 83       	std	Y+2, r22	; 0x02
	switch (A_u8PortName)
    13be:	89 81       	ldd	r24, Y+1	; 0x01
    13c0:	28 2f       	mov	r18, r24
    13c2:	30 e0       	ldi	r19, 0x00	; 0
    13c4:	3c 83       	std	Y+4, r19	; 0x04
    13c6:	2b 83       	std	Y+3, r18	; 0x03
    13c8:	8b 81       	ldd	r24, Y+3	; 0x03
    13ca:	9c 81       	ldd	r25, Y+4	; 0x04
    13cc:	81 30       	cpi	r24, 0x01	; 1
    13ce:	91 05       	cpc	r25, r1
    13d0:	d1 f0       	breq	.+52     	; 0x1406 <MDIO_voidInitPort+0x58>
    13d2:	2b 81       	ldd	r18, Y+3	; 0x03
    13d4:	3c 81       	ldd	r19, Y+4	; 0x04
    13d6:	22 30       	cpi	r18, 0x02	; 2
    13d8:	31 05       	cpc	r19, r1
    13da:	2c f4       	brge	.+10     	; 0x13e6 <MDIO_voidInitPort+0x38>
    13dc:	8b 81       	ldd	r24, Y+3	; 0x03
    13de:	9c 81       	ldd	r25, Y+4	; 0x04
    13e0:	00 97       	sbiw	r24, 0x00	; 0
    13e2:	61 f0       	breq	.+24     	; 0x13fc <MDIO_voidInitPort+0x4e>
    13e4:	1e c0       	rjmp	.+60     	; 0x1422 <MDIO_voidInitPort+0x74>
    13e6:	2b 81       	ldd	r18, Y+3	; 0x03
    13e8:	3c 81       	ldd	r19, Y+4	; 0x04
    13ea:	22 30       	cpi	r18, 0x02	; 2
    13ec:	31 05       	cpc	r19, r1
    13ee:	81 f0       	breq	.+32     	; 0x1410 <MDIO_voidInitPort+0x62>
    13f0:	8b 81       	ldd	r24, Y+3	; 0x03
    13f2:	9c 81       	ldd	r25, Y+4	; 0x04
    13f4:	83 30       	cpi	r24, 0x03	; 3
    13f6:	91 05       	cpc	r25, r1
    13f8:	81 f0       	breq	.+32     	; 0x141a <MDIO_voidInitPort+0x6c>
    13fa:	13 c0       	rjmp	.+38     	; 0x1422 <MDIO_voidInitPort+0x74>
	{
	case DIO_PORTA :
		DDRA = A_u8PortMode ;
    13fc:	ea e3       	ldi	r30, 0x3A	; 58
    13fe:	f0 e0       	ldi	r31, 0x00	; 0
    1400:	8a 81       	ldd	r24, Y+2	; 0x02
    1402:	80 83       	st	Z, r24
    1404:	0e c0       	rjmp	.+28     	; 0x1422 <MDIO_voidInitPort+0x74>
		break ;
	case DIO_PORTB :
		DDRB = A_u8PortMode ;
    1406:	e7 e3       	ldi	r30, 0x37	; 55
    1408:	f0 e0       	ldi	r31, 0x00	; 0
    140a:	8a 81       	ldd	r24, Y+2	; 0x02
    140c:	80 83       	st	Z, r24
    140e:	09 c0       	rjmp	.+18     	; 0x1422 <MDIO_voidInitPort+0x74>
		break ;
	case DIO_PORTC :
		DDRC = A_u8PortMode ;
    1410:	e4 e3       	ldi	r30, 0x34	; 52
    1412:	f0 e0       	ldi	r31, 0x00	; 0
    1414:	8a 81       	ldd	r24, Y+2	; 0x02
    1416:	80 83       	st	Z, r24
    1418:	04 c0       	rjmp	.+8      	; 0x1422 <MDIO_voidInitPort+0x74>
		break ;
	case DIO_PORTD :
		DDRD = A_u8PortMode ;
    141a:	e1 e3       	ldi	r30, 0x31	; 49
    141c:	f0 e0       	ldi	r31, 0x00	; 0
    141e:	8a 81       	ldd	r24, Y+2	; 0x02
    1420:	80 83       	st	Z, r24
		break ;
	}
}
    1422:	0f 90       	pop	r0
    1424:	0f 90       	pop	r0
    1426:	0f 90       	pop	r0
    1428:	0f 90       	pop	r0
    142a:	cf 91       	pop	r28
    142c:	df 91       	pop	r29
    142e:	08 95       	ret

00001430 <MDIO_voidSetPortValue>:
void MDIO_voidSetPortValue  (u8 A_u8PortName , u8 A_u8PortValue)
{
    1430:	df 93       	push	r29
    1432:	cf 93       	push	r28
    1434:	00 d0       	rcall	.+0      	; 0x1436 <MDIO_voidSetPortValue+0x6>
    1436:	00 d0       	rcall	.+0      	; 0x1438 <MDIO_voidSetPortValue+0x8>
    1438:	cd b7       	in	r28, 0x3d	; 61
    143a:	de b7       	in	r29, 0x3e	; 62
    143c:	89 83       	std	Y+1, r24	; 0x01
    143e:	6a 83       	std	Y+2, r22	; 0x02
	switch (A_u8PortName)
    1440:	89 81       	ldd	r24, Y+1	; 0x01
    1442:	28 2f       	mov	r18, r24
    1444:	30 e0       	ldi	r19, 0x00	; 0
    1446:	3c 83       	std	Y+4, r19	; 0x04
    1448:	2b 83       	std	Y+3, r18	; 0x03
    144a:	8b 81       	ldd	r24, Y+3	; 0x03
    144c:	9c 81       	ldd	r25, Y+4	; 0x04
    144e:	81 30       	cpi	r24, 0x01	; 1
    1450:	91 05       	cpc	r25, r1
    1452:	d1 f0       	breq	.+52     	; 0x1488 <MDIO_voidSetPortValue+0x58>
    1454:	2b 81       	ldd	r18, Y+3	; 0x03
    1456:	3c 81       	ldd	r19, Y+4	; 0x04
    1458:	22 30       	cpi	r18, 0x02	; 2
    145a:	31 05       	cpc	r19, r1
    145c:	2c f4       	brge	.+10     	; 0x1468 <MDIO_voidSetPortValue+0x38>
    145e:	8b 81       	ldd	r24, Y+3	; 0x03
    1460:	9c 81       	ldd	r25, Y+4	; 0x04
    1462:	00 97       	sbiw	r24, 0x00	; 0
    1464:	61 f0       	breq	.+24     	; 0x147e <MDIO_voidSetPortValue+0x4e>
    1466:	1e c0       	rjmp	.+60     	; 0x14a4 <MDIO_voidSetPortValue+0x74>
    1468:	2b 81       	ldd	r18, Y+3	; 0x03
    146a:	3c 81       	ldd	r19, Y+4	; 0x04
    146c:	22 30       	cpi	r18, 0x02	; 2
    146e:	31 05       	cpc	r19, r1
    1470:	81 f0       	breq	.+32     	; 0x1492 <MDIO_voidSetPortValue+0x62>
    1472:	8b 81       	ldd	r24, Y+3	; 0x03
    1474:	9c 81       	ldd	r25, Y+4	; 0x04
    1476:	83 30       	cpi	r24, 0x03	; 3
    1478:	91 05       	cpc	r25, r1
    147a:	81 f0       	breq	.+32     	; 0x149c <MDIO_voidSetPortValue+0x6c>
    147c:	13 c0       	rjmp	.+38     	; 0x14a4 <MDIO_voidSetPortValue+0x74>
	{
	case DIO_PORTA :
		PORTA = A_u8PortValue ;
    147e:	eb e3       	ldi	r30, 0x3B	; 59
    1480:	f0 e0       	ldi	r31, 0x00	; 0
    1482:	8a 81       	ldd	r24, Y+2	; 0x02
    1484:	80 83       	st	Z, r24
    1486:	0e c0       	rjmp	.+28     	; 0x14a4 <MDIO_voidSetPortValue+0x74>
		break ;
	case DIO_PORTB :
		PORTB = A_u8PortValue ;
    1488:	e8 e3       	ldi	r30, 0x38	; 56
    148a:	f0 e0       	ldi	r31, 0x00	; 0
    148c:	8a 81       	ldd	r24, Y+2	; 0x02
    148e:	80 83       	st	Z, r24
    1490:	09 c0       	rjmp	.+18     	; 0x14a4 <MDIO_voidSetPortValue+0x74>
		break ;
	case DIO_PORTC :
		PORTC = A_u8PortValue ;
    1492:	e5 e3       	ldi	r30, 0x35	; 53
    1494:	f0 e0       	ldi	r31, 0x00	; 0
    1496:	8a 81       	ldd	r24, Y+2	; 0x02
    1498:	80 83       	st	Z, r24
    149a:	04 c0       	rjmp	.+8      	; 0x14a4 <MDIO_voidSetPortValue+0x74>
		break ;
	case DIO_PORTD :
		PORTD = A_u8PortValue ;
    149c:	e2 e3       	ldi	r30, 0x32	; 50
    149e:	f0 e0       	ldi	r31, 0x00	; 0
    14a0:	8a 81       	ldd	r24, Y+2	; 0x02
    14a2:	80 83       	st	Z, r24
		break ;
	}
}
    14a4:	0f 90       	pop	r0
    14a6:	0f 90       	pop	r0
    14a8:	0f 90       	pop	r0
    14aa:	0f 90       	pop	r0
    14ac:	cf 91       	pop	r28
    14ae:	df 91       	pop	r29
    14b0:	08 95       	ret

000014b2 <MDIO_u8ReadPortValue>:
u8   MDIO_u8ReadPortValue   (u8 A_u8PortName )
{
    14b2:	df 93       	push	r29
    14b4:	cf 93       	push	r28
    14b6:	00 d0       	rcall	.+0      	; 0x14b8 <MDIO_u8ReadPortValue+0x6>
    14b8:	00 d0       	rcall	.+0      	; 0x14ba <MDIO_u8ReadPortValue+0x8>
    14ba:	cd b7       	in	r28, 0x3d	; 61
    14bc:	de b7       	in	r29, 0x3e	; 62
    14be:	8a 83       	std	Y+2, r24	; 0x02
	u8 L_u8PortValue ;
	switch (A_u8PortName)
    14c0:	8a 81       	ldd	r24, Y+2	; 0x02
    14c2:	28 2f       	mov	r18, r24
    14c4:	30 e0       	ldi	r19, 0x00	; 0
    14c6:	3c 83       	std	Y+4, r19	; 0x04
    14c8:	2b 83       	std	Y+3, r18	; 0x03
    14ca:	8b 81       	ldd	r24, Y+3	; 0x03
    14cc:	9c 81       	ldd	r25, Y+4	; 0x04
    14ce:	81 30       	cpi	r24, 0x01	; 1
    14d0:	91 05       	cpc	r25, r1
    14d2:	d1 f0       	breq	.+52     	; 0x1508 <MDIO_u8ReadPortValue+0x56>
    14d4:	2b 81       	ldd	r18, Y+3	; 0x03
    14d6:	3c 81       	ldd	r19, Y+4	; 0x04
    14d8:	22 30       	cpi	r18, 0x02	; 2
    14da:	31 05       	cpc	r19, r1
    14dc:	2c f4       	brge	.+10     	; 0x14e8 <MDIO_u8ReadPortValue+0x36>
    14de:	8b 81       	ldd	r24, Y+3	; 0x03
    14e0:	9c 81       	ldd	r25, Y+4	; 0x04
    14e2:	00 97       	sbiw	r24, 0x00	; 0
    14e4:	61 f0       	breq	.+24     	; 0x14fe <MDIO_u8ReadPortValue+0x4c>
    14e6:	1e c0       	rjmp	.+60     	; 0x1524 <MDIO_u8ReadPortValue+0x72>
    14e8:	2b 81       	ldd	r18, Y+3	; 0x03
    14ea:	3c 81       	ldd	r19, Y+4	; 0x04
    14ec:	22 30       	cpi	r18, 0x02	; 2
    14ee:	31 05       	cpc	r19, r1
    14f0:	81 f0       	breq	.+32     	; 0x1512 <MDIO_u8ReadPortValue+0x60>
    14f2:	8b 81       	ldd	r24, Y+3	; 0x03
    14f4:	9c 81       	ldd	r25, Y+4	; 0x04
    14f6:	83 30       	cpi	r24, 0x03	; 3
    14f8:	91 05       	cpc	r25, r1
    14fa:	81 f0       	breq	.+32     	; 0x151c <MDIO_u8ReadPortValue+0x6a>
    14fc:	13 c0       	rjmp	.+38     	; 0x1524 <MDIO_u8ReadPortValue+0x72>
	{
	case DIO_PORTA :
		L_u8PortValue = PINA ;
    14fe:	e9 e3       	ldi	r30, 0x39	; 57
    1500:	f0 e0       	ldi	r31, 0x00	; 0
    1502:	80 81       	ld	r24, Z
    1504:	89 83       	std	Y+1, r24	; 0x01
    1506:	0e c0       	rjmp	.+28     	; 0x1524 <MDIO_u8ReadPortValue+0x72>
		break ;
	case DIO_PORTB :
		L_u8PortValue = PINB ;
    1508:	e6 e3       	ldi	r30, 0x36	; 54
    150a:	f0 e0       	ldi	r31, 0x00	; 0
    150c:	80 81       	ld	r24, Z
    150e:	89 83       	std	Y+1, r24	; 0x01
    1510:	09 c0       	rjmp	.+18     	; 0x1524 <MDIO_u8ReadPortValue+0x72>
		break ;
	case DIO_PORTC :
		L_u8PortValue = PINC ;
    1512:	e3 e3       	ldi	r30, 0x33	; 51
    1514:	f0 e0       	ldi	r31, 0x00	; 0
    1516:	80 81       	ld	r24, Z
    1518:	89 83       	std	Y+1, r24	; 0x01
    151a:	04 c0       	rjmp	.+8      	; 0x1524 <MDIO_u8ReadPortValue+0x72>
		break ;
	case DIO_PORTD :
		L_u8PortValue = PIND ;
    151c:	e0 e3       	ldi	r30, 0x30	; 48
    151e:	f0 e0       	ldi	r31, 0x00	; 0
    1520:	80 81       	ld	r24, Z
    1522:	89 83       	std	Y+1, r24	; 0x01
		break ;
	}
	return L_u8PortValue ;
    1524:	89 81       	ldd	r24, Y+1	; 0x01
}
    1526:	0f 90       	pop	r0
    1528:	0f 90       	pop	r0
    152a:	0f 90       	pop	r0
    152c:	0f 90       	pop	r0
    152e:	cf 91       	pop	r28
    1530:	df 91       	pop	r29
    1532:	08 95       	ret

00001534 <MDIO_vodiTogPortValue>:
void MDIO_vodiTogPortValue  (u8 A_u8PortName )
{
    1534:	df 93       	push	r29
    1536:	cf 93       	push	r28
    1538:	00 d0       	rcall	.+0      	; 0x153a <MDIO_vodiTogPortValue+0x6>
    153a:	0f 92       	push	r0
    153c:	cd b7       	in	r28, 0x3d	; 61
    153e:	de b7       	in	r29, 0x3e	; 62
    1540:	89 83       	std	Y+1, r24	; 0x01
	switch (A_u8PortName)
    1542:	89 81       	ldd	r24, Y+1	; 0x01
    1544:	28 2f       	mov	r18, r24
    1546:	30 e0       	ldi	r19, 0x00	; 0
    1548:	3b 83       	std	Y+3, r19	; 0x03
    154a:	2a 83       	std	Y+2, r18	; 0x02
    154c:	8a 81       	ldd	r24, Y+2	; 0x02
    154e:	9b 81       	ldd	r25, Y+3	; 0x03
    1550:	81 30       	cpi	r24, 0x01	; 1
    1552:	91 05       	cpc	r25, r1
    1554:	e9 f0       	breq	.+58     	; 0x1590 <MDIO_vodiTogPortValue+0x5c>
    1556:	2a 81       	ldd	r18, Y+2	; 0x02
    1558:	3b 81       	ldd	r19, Y+3	; 0x03
    155a:	22 30       	cpi	r18, 0x02	; 2
    155c:	31 05       	cpc	r19, r1
    155e:	2c f4       	brge	.+10     	; 0x156a <MDIO_vodiTogPortValue+0x36>
    1560:	8a 81       	ldd	r24, Y+2	; 0x02
    1562:	9b 81       	ldd	r25, Y+3	; 0x03
    1564:	00 97       	sbiw	r24, 0x00	; 0
    1566:	61 f0       	breq	.+24     	; 0x1580 <MDIO_vodiTogPortValue+0x4c>
    1568:	2a c0       	rjmp	.+84     	; 0x15be <MDIO_vodiTogPortValue+0x8a>
    156a:	2a 81       	ldd	r18, Y+2	; 0x02
    156c:	3b 81       	ldd	r19, Y+3	; 0x03
    156e:	22 30       	cpi	r18, 0x02	; 2
    1570:	31 05       	cpc	r19, r1
    1572:	b1 f0       	breq	.+44     	; 0x15a0 <MDIO_vodiTogPortValue+0x6c>
    1574:	8a 81       	ldd	r24, Y+2	; 0x02
    1576:	9b 81       	ldd	r25, Y+3	; 0x03
    1578:	83 30       	cpi	r24, 0x03	; 3
    157a:	91 05       	cpc	r25, r1
    157c:	c9 f0       	breq	.+50     	; 0x15b0 <MDIO_vodiTogPortValue+0x7c>
    157e:	1f c0       	rjmp	.+62     	; 0x15be <MDIO_vodiTogPortValue+0x8a>
	{
	case DIO_PORTA :
		PORTA = ~PORTA ;
    1580:	ab e3       	ldi	r26, 0x3B	; 59
    1582:	b0 e0       	ldi	r27, 0x00	; 0
    1584:	eb e3       	ldi	r30, 0x3B	; 59
    1586:	f0 e0       	ldi	r31, 0x00	; 0
    1588:	80 81       	ld	r24, Z
    158a:	80 95       	com	r24
    158c:	8c 93       	st	X, r24
    158e:	17 c0       	rjmp	.+46     	; 0x15be <MDIO_vodiTogPortValue+0x8a>
		break ;
	case DIO_PORTB :
		PORTB = ~PORTB ;
    1590:	a8 e3       	ldi	r26, 0x38	; 56
    1592:	b0 e0       	ldi	r27, 0x00	; 0
    1594:	e8 e3       	ldi	r30, 0x38	; 56
    1596:	f0 e0       	ldi	r31, 0x00	; 0
    1598:	80 81       	ld	r24, Z
    159a:	80 95       	com	r24
    159c:	8c 93       	st	X, r24
    159e:	0f c0       	rjmp	.+30     	; 0x15be <MDIO_vodiTogPortValue+0x8a>
		break ;
	case DIO_PORTC :
		PORTC = ~PORTC ;
    15a0:	a5 e3       	ldi	r26, 0x35	; 53
    15a2:	b0 e0       	ldi	r27, 0x00	; 0
    15a4:	e5 e3       	ldi	r30, 0x35	; 53
    15a6:	f0 e0       	ldi	r31, 0x00	; 0
    15a8:	80 81       	ld	r24, Z
    15aa:	80 95       	com	r24
    15ac:	8c 93       	st	X, r24
    15ae:	07 c0       	rjmp	.+14     	; 0x15be <MDIO_vodiTogPortValue+0x8a>
		break ;
	case DIO_PORTD :
		PORTD = ~PORTD ;
    15b0:	a2 e3       	ldi	r26, 0x32	; 50
    15b2:	b0 e0       	ldi	r27, 0x00	; 0
    15b4:	e2 e3       	ldi	r30, 0x32	; 50
    15b6:	f0 e0       	ldi	r31, 0x00	; 0
    15b8:	80 81       	ld	r24, Z
    15ba:	80 95       	com	r24
    15bc:	8c 93       	st	X, r24
		break ;
	}
}
    15be:	0f 90       	pop	r0
    15c0:	0f 90       	pop	r0
    15c2:	0f 90       	pop	r0
    15c4:	cf 91       	pop	r28
    15c6:	df 91       	pop	r29
    15c8:	08 95       	ret

000015ca <MTimer0_voidInit>:
u32 G_u32Prescaller ;
u32 G_u32Counter ;
void (*Timer0_ptr)(void);

void MTimer0_voidInit(u16 A_u16Prescaller, u8 A_u8Mode)
{
    15ca:	df 93       	push	r29
    15cc:	cf 93       	push	r28
    15ce:	cd b7       	in	r28, 0x3d	; 61
    15d0:	de b7       	in	r29, 0x3e	; 62
    15d2:	27 97       	sbiw	r28, 0x07	; 7
    15d4:	0f b6       	in	r0, 0x3f	; 63
    15d6:	f8 94       	cli
    15d8:	de bf       	out	0x3e, r29	; 62
    15da:	0f be       	out	0x3f, r0	; 63
    15dc:	cd bf       	out	0x3d, r28	; 61
    15de:	9a 83       	std	Y+2, r25	; 0x02
    15e0:	89 83       	std	Y+1, r24	; 0x01
    15e2:	6b 83       	std	Y+3, r22	; 0x03
    G_u32Prescaller = A_u16Prescaller;
    15e4:	89 81       	ldd	r24, Y+1	; 0x01
    15e6:	9a 81       	ldd	r25, Y+2	; 0x02
    15e8:	cc 01       	movw	r24, r24
    15ea:	a0 e0       	ldi	r26, 0x00	; 0
    15ec:	b0 e0       	ldi	r27, 0x00	; 0
    15ee:	80 93 8f 01 	sts	0x018F, r24
    15f2:	90 93 90 01 	sts	0x0190, r25
    15f6:	a0 93 91 01 	sts	0x0191, r26
    15fa:	b0 93 92 01 	sts	0x0192, r27

    switch(A_u16Prescaller)
    15fe:	29 81       	ldd	r18, Y+1	; 0x01
    1600:	3a 81       	ldd	r19, Y+2	; 0x02
    1602:	3f 83       	std	Y+7, r19	; 0x07
    1604:	2e 83       	std	Y+6, r18	; 0x06
    1606:	8e 81       	ldd	r24, Y+6	; 0x06
    1608:	9f 81       	ldd	r25, Y+7	; 0x07
    160a:	80 34       	cpi	r24, 0x40	; 64
    160c:	91 05       	cpc	r25, r1
    160e:	09 f4       	brne	.+2      	; 0x1612 <MTimer0_voidInit+0x48>
    1610:	4b c0       	rjmp	.+150    	; 0x16a8 <MTimer0_voidInit+0xde>
    1612:	2e 81       	ldd	r18, Y+6	; 0x06
    1614:	3f 81       	ldd	r19, Y+7	; 0x07
    1616:	21 34       	cpi	r18, 0x41	; 65
    1618:	31 05       	cpc	r19, r1
    161a:	58 f4       	brcc	.+22     	; 0x1632 <MTimer0_voidInit+0x68>
    161c:	8e 81       	ldd	r24, Y+6	; 0x06
    161e:	9f 81       	ldd	r25, Y+7	; 0x07
    1620:	81 30       	cpi	r24, 0x01	; 1
    1622:	91 05       	cpc	r25, r1
    1624:	a9 f0       	breq	.+42     	; 0x1650 <MTimer0_voidInit+0x86>
    1626:	2e 81       	ldd	r18, Y+6	; 0x06
    1628:	3f 81       	ldd	r19, Y+7	; 0x07
    162a:	28 30       	cpi	r18, 0x08	; 8
    162c:	31 05       	cpc	r19, r1
    162e:	31 f1       	breq	.+76     	; 0x167c <MTimer0_voidInit+0xb2>
    1630:	7c c0       	rjmp	.+248    	; 0x172a <MTimer0_voidInit+0x160>
    1632:	8e 81       	ldd	r24, Y+6	; 0x06
    1634:	9f 81       	ldd	r25, Y+7	; 0x07
    1636:	21 e0       	ldi	r18, 0x01	; 1
    1638:	80 30       	cpi	r24, 0x00	; 0
    163a:	92 07       	cpc	r25, r18
    163c:	09 f4       	brne	.+2      	; 0x1640 <MTimer0_voidInit+0x76>
    163e:	4a c0       	rjmp	.+148    	; 0x16d4 <MTimer0_voidInit+0x10a>
    1640:	8e 81       	ldd	r24, Y+6	; 0x06
    1642:	9f 81       	ldd	r25, Y+7	; 0x07
    1644:	24 e0       	ldi	r18, 0x04	; 4
    1646:	80 30       	cpi	r24, 0x00	; 0
    1648:	92 07       	cpc	r25, r18
    164a:	09 f4       	brne	.+2      	; 0x164e <MTimer0_voidInit+0x84>
    164c:	59 c0       	rjmp	.+178    	; 0x1700 <MTimer0_voidInit+0x136>
    164e:	6d c0       	rjmp	.+218    	; 0x172a <MTimer0_voidInit+0x160>
    {
        case TIMER0_PRESCALLER_1:
            SET_BIT(TCCR0, 0);
    1650:	a3 e5       	ldi	r26, 0x53	; 83
    1652:	b0 e0       	ldi	r27, 0x00	; 0
    1654:	e3 e5       	ldi	r30, 0x53	; 83
    1656:	f0 e0       	ldi	r31, 0x00	; 0
    1658:	80 81       	ld	r24, Z
    165a:	81 60       	ori	r24, 0x01	; 1
    165c:	8c 93       	st	X, r24
            CLR_BIT(TCCR0, 1);
    165e:	a3 e5       	ldi	r26, 0x53	; 83
    1660:	b0 e0       	ldi	r27, 0x00	; 0
    1662:	e3 e5       	ldi	r30, 0x53	; 83
    1664:	f0 e0       	ldi	r31, 0x00	; 0
    1666:	80 81       	ld	r24, Z
    1668:	8d 7f       	andi	r24, 0xFD	; 253
    166a:	8c 93       	st	X, r24
            CLR_BIT(TCCR0, 2);
    166c:	a3 e5       	ldi	r26, 0x53	; 83
    166e:	b0 e0       	ldi	r27, 0x00	; 0
    1670:	e3 e5       	ldi	r30, 0x53	; 83
    1672:	f0 e0       	ldi	r31, 0x00	; 0
    1674:	80 81       	ld	r24, Z
    1676:	8b 7f       	andi	r24, 0xFB	; 251
    1678:	8c 93       	st	X, r24
    167a:	57 c0       	rjmp	.+174    	; 0x172a <MTimer0_voidInit+0x160>
            break;

        case TIMER0_PRESCALLER_8:
            CLR_BIT(TCCR0, 0);
    167c:	a3 e5       	ldi	r26, 0x53	; 83
    167e:	b0 e0       	ldi	r27, 0x00	; 0
    1680:	e3 e5       	ldi	r30, 0x53	; 83
    1682:	f0 e0       	ldi	r31, 0x00	; 0
    1684:	80 81       	ld	r24, Z
    1686:	8e 7f       	andi	r24, 0xFE	; 254
    1688:	8c 93       	st	X, r24
            SET_BIT(TCCR0, 1);
    168a:	a3 e5       	ldi	r26, 0x53	; 83
    168c:	b0 e0       	ldi	r27, 0x00	; 0
    168e:	e3 e5       	ldi	r30, 0x53	; 83
    1690:	f0 e0       	ldi	r31, 0x00	; 0
    1692:	80 81       	ld	r24, Z
    1694:	82 60       	ori	r24, 0x02	; 2
    1696:	8c 93       	st	X, r24
            CLR_BIT(TCCR0, 2);
    1698:	a3 e5       	ldi	r26, 0x53	; 83
    169a:	b0 e0       	ldi	r27, 0x00	; 0
    169c:	e3 e5       	ldi	r30, 0x53	; 83
    169e:	f0 e0       	ldi	r31, 0x00	; 0
    16a0:	80 81       	ld	r24, Z
    16a2:	8b 7f       	andi	r24, 0xFB	; 251
    16a4:	8c 93       	st	X, r24
    16a6:	41 c0       	rjmp	.+130    	; 0x172a <MTimer0_voidInit+0x160>
            break;

        case TIMER0_PRESCALLER_64:
            SET_BIT(TCCR0, 0);
    16a8:	a3 e5       	ldi	r26, 0x53	; 83
    16aa:	b0 e0       	ldi	r27, 0x00	; 0
    16ac:	e3 e5       	ldi	r30, 0x53	; 83
    16ae:	f0 e0       	ldi	r31, 0x00	; 0
    16b0:	80 81       	ld	r24, Z
    16b2:	81 60       	ori	r24, 0x01	; 1
    16b4:	8c 93       	st	X, r24
            SET_BIT(TCCR0, 1);
    16b6:	a3 e5       	ldi	r26, 0x53	; 83
    16b8:	b0 e0       	ldi	r27, 0x00	; 0
    16ba:	e3 e5       	ldi	r30, 0x53	; 83
    16bc:	f0 e0       	ldi	r31, 0x00	; 0
    16be:	80 81       	ld	r24, Z
    16c0:	82 60       	ori	r24, 0x02	; 2
    16c2:	8c 93       	st	X, r24
            CLR_BIT(TCCR0, 2);
    16c4:	a3 e5       	ldi	r26, 0x53	; 83
    16c6:	b0 e0       	ldi	r27, 0x00	; 0
    16c8:	e3 e5       	ldi	r30, 0x53	; 83
    16ca:	f0 e0       	ldi	r31, 0x00	; 0
    16cc:	80 81       	ld	r24, Z
    16ce:	8b 7f       	andi	r24, 0xFB	; 251
    16d0:	8c 93       	st	X, r24
    16d2:	2b c0       	rjmp	.+86     	; 0x172a <MTimer0_voidInit+0x160>
            break;

        case TIMER0_PRESCALLER_256:
            CLR_BIT(TCCR0, 0);
    16d4:	a3 e5       	ldi	r26, 0x53	; 83
    16d6:	b0 e0       	ldi	r27, 0x00	; 0
    16d8:	e3 e5       	ldi	r30, 0x53	; 83
    16da:	f0 e0       	ldi	r31, 0x00	; 0
    16dc:	80 81       	ld	r24, Z
    16de:	8e 7f       	andi	r24, 0xFE	; 254
    16e0:	8c 93       	st	X, r24
            CLR_BIT(TCCR0, 1);
    16e2:	a3 e5       	ldi	r26, 0x53	; 83
    16e4:	b0 e0       	ldi	r27, 0x00	; 0
    16e6:	e3 e5       	ldi	r30, 0x53	; 83
    16e8:	f0 e0       	ldi	r31, 0x00	; 0
    16ea:	80 81       	ld	r24, Z
    16ec:	8d 7f       	andi	r24, 0xFD	; 253
    16ee:	8c 93       	st	X, r24
            SET_BIT(TCCR0, 2);
    16f0:	a3 e5       	ldi	r26, 0x53	; 83
    16f2:	b0 e0       	ldi	r27, 0x00	; 0
    16f4:	e3 e5       	ldi	r30, 0x53	; 83
    16f6:	f0 e0       	ldi	r31, 0x00	; 0
    16f8:	80 81       	ld	r24, Z
    16fa:	84 60       	ori	r24, 0x04	; 4
    16fc:	8c 93       	st	X, r24
    16fe:	15 c0       	rjmp	.+42     	; 0x172a <MTimer0_voidInit+0x160>
            break;

        case TIMER0_PRESCALLER_1024:
            SET_BIT(TCCR0, 0);
    1700:	a3 e5       	ldi	r26, 0x53	; 83
    1702:	b0 e0       	ldi	r27, 0x00	; 0
    1704:	e3 e5       	ldi	r30, 0x53	; 83
    1706:	f0 e0       	ldi	r31, 0x00	; 0
    1708:	80 81       	ld	r24, Z
    170a:	81 60       	ori	r24, 0x01	; 1
    170c:	8c 93       	st	X, r24
            CLR_BIT(TCCR0, 1);
    170e:	a3 e5       	ldi	r26, 0x53	; 83
    1710:	b0 e0       	ldi	r27, 0x00	; 0
    1712:	e3 e5       	ldi	r30, 0x53	; 83
    1714:	f0 e0       	ldi	r31, 0x00	; 0
    1716:	80 81       	ld	r24, Z
    1718:	8d 7f       	andi	r24, 0xFD	; 253
    171a:	8c 93       	st	X, r24
            SET_BIT(TCCR0, 2);
    171c:	a3 e5       	ldi	r26, 0x53	; 83
    171e:	b0 e0       	ldi	r27, 0x00	; 0
    1720:	e3 e5       	ldi	r30, 0x53	; 83
    1722:	f0 e0       	ldi	r31, 0x00	; 0
    1724:	80 81       	ld	r24, Z
    1726:	84 60       	ori	r24, 0x04	; 4
    1728:	8c 93       	st	X, r24
            break;
    }


    switch(A_u8Mode)
    172a:	8b 81       	ldd	r24, Y+3	; 0x03
    172c:	28 2f       	mov	r18, r24
    172e:	30 e0       	ldi	r19, 0x00	; 0
    1730:	3d 83       	std	Y+5, r19	; 0x05
    1732:	2c 83       	std	Y+4, r18	; 0x04
    1734:	8c 81       	ldd	r24, Y+4	; 0x04
    1736:	9d 81       	ldd	r25, Y+5	; 0x05
    1738:	81 30       	cpi	r24, 0x01	; 1
    173a:	91 05       	cpc	r25, r1
    173c:	a1 f1       	breq	.+104    	; 0x17a6 <MTimer0_voidInit+0x1dc>
    173e:	2c 81       	ldd	r18, Y+4	; 0x04
    1740:	3d 81       	ldd	r19, Y+5	; 0x05
    1742:	22 30       	cpi	r18, 0x02	; 2
    1744:	31 05       	cpc	r19, r1
    1746:	2c f4       	brge	.+10     	; 0x1752 <MTimer0_voidInit+0x188>
    1748:	8c 81       	ldd	r24, Y+4	; 0x04
    174a:	9d 81       	ldd	r25, Y+5	; 0x05
    174c:	00 97       	sbiw	r24, 0x00	; 0
    174e:	71 f0       	breq	.+28     	; 0x176c <MTimer0_voidInit+0x1a2>
    1750:	91 c0       	rjmp	.+290    	; 0x1874 <MTimer0_voidInit+0x2aa>
    1752:	2c 81       	ldd	r18, Y+4	; 0x04
    1754:	3d 81       	ldd	r19, Y+5	; 0x05
    1756:	22 30       	cpi	r18, 0x02	; 2
    1758:	31 05       	cpc	r19, r1
    175a:	09 f4       	brne	.+2      	; 0x175e <MTimer0_voidInit+0x194>
    175c:	46 c0       	rjmp	.+140    	; 0x17ea <MTimer0_voidInit+0x220>
    175e:	8c 81       	ldd	r24, Y+4	; 0x04
    1760:	9d 81       	ldd	r25, Y+5	; 0x05
    1762:	83 30       	cpi	r24, 0x03	; 3
    1764:	91 05       	cpc	r25, r1
    1766:	09 f4       	brne	.+2      	; 0x176a <MTimer0_voidInit+0x1a0>
    1768:	62 c0       	rjmp	.+196    	; 0x182e <MTimer0_voidInit+0x264>
    176a:	84 c0       	rjmp	.+264    	; 0x1874 <MTimer0_voidInit+0x2aa>
    {
        case TIMER0_OVF:

            CLR_BIT(TCCR0, 6);
    176c:	a3 e5       	ldi	r26, 0x53	; 83
    176e:	b0 e0       	ldi	r27, 0x00	; 0
    1770:	e3 e5       	ldi	r30, 0x53	; 83
    1772:	f0 e0       	ldi	r31, 0x00	; 0
    1774:	80 81       	ld	r24, Z
    1776:	8f 7b       	andi	r24, 0xBF	; 191
    1778:	8c 93       	st	X, r24
            CLR_BIT(TCCR0, 3);
    177a:	a3 e5       	ldi	r26, 0x53	; 83
    177c:	b0 e0       	ldi	r27, 0x00	; 0
    177e:	e3 e5       	ldi	r30, 0x53	; 83
    1780:	f0 e0       	ldi	r31, 0x00	; 0
    1782:	80 81       	ld	r24, Z
    1784:	87 7f       	andi	r24, 0xF7	; 247
    1786:	8c 93       	st	X, r24

            SET_BIT(SREG, 7);
    1788:	af e5       	ldi	r26, 0x5F	; 95
    178a:	b0 e0       	ldi	r27, 0x00	; 0
    178c:	ef e5       	ldi	r30, 0x5F	; 95
    178e:	f0 e0       	ldi	r31, 0x00	; 0
    1790:	80 81       	ld	r24, Z
    1792:	80 68       	ori	r24, 0x80	; 128
    1794:	8c 93       	st	X, r24
            SET_BIT(TIMSK, 0);
    1796:	a9 e5       	ldi	r26, 0x59	; 89
    1798:	b0 e0       	ldi	r27, 0x00	; 0
    179a:	e9 e5       	ldi	r30, 0x59	; 89
    179c:	f0 e0       	ldi	r31, 0x00	; 0
    179e:	80 81       	ld	r24, Z
    17a0:	81 60       	ori	r24, 0x01	; 1
    17a2:	8c 93       	st	X, r24
    17a4:	67 c0       	rjmp	.+206    	; 0x1874 <MTimer0_voidInit+0x2aa>
            break;


        case TIMER0_PWM_PHASE_CORRECT:

            SET_BIT(TCCR0, 6);
    17a6:	a3 e5       	ldi	r26, 0x53	; 83
    17a8:	b0 e0       	ldi	r27, 0x00	; 0
    17aa:	e3 e5       	ldi	r30, 0x53	; 83
    17ac:	f0 e0       	ldi	r31, 0x00	; 0
    17ae:	80 81       	ld	r24, Z
    17b0:	80 64       	ori	r24, 0x40	; 64
    17b2:	8c 93       	st	X, r24
            CLR_BIT(TCCR0, 3);
    17b4:	a3 e5       	ldi	r26, 0x53	; 83
    17b6:	b0 e0       	ldi	r27, 0x00	; 0
    17b8:	e3 e5       	ldi	r30, 0x53	; 83
    17ba:	f0 e0       	ldi	r31, 0x00	; 0
    17bc:	80 81       	ld	r24, Z
    17be:	87 7f       	andi	r24, 0xF7	; 247
    17c0:	8c 93       	st	X, r24

            MDIO_voidInitPin(
    17c2:	81 e0       	ldi	r24, 0x01	; 1
    17c4:	63 e0       	ldi	r22, 0x03	; 3
    17c6:	41 e0       	ldi	r20, 0x01	; 1
    17c8:	0e 94 cb 06 	call	0xd96	; 0xd96 <MDIO_voidInitPin>
                DIO_PORTB,
                DIO_PIN3,
                DIO_OUTPUT
            );

            CLR_BIT(TCCR0, 4);
    17cc:	a3 e5       	ldi	r26, 0x53	; 83
    17ce:	b0 e0       	ldi	r27, 0x00	; 0
    17d0:	e3 e5       	ldi	r30, 0x53	; 83
    17d2:	f0 e0       	ldi	r31, 0x00	; 0
    17d4:	80 81       	ld	r24, Z
    17d6:	8f 7e       	andi	r24, 0xEF	; 239
    17d8:	8c 93       	st	X, r24
            SET_BIT(TCCR0, 5);
    17da:	a3 e5       	ldi	r26, 0x53	; 83
    17dc:	b0 e0       	ldi	r27, 0x00	; 0
    17de:	e3 e5       	ldi	r30, 0x53	; 83
    17e0:	f0 e0       	ldi	r31, 0x00	; 0
    17e2:	80 81       	ld	r24, Z
    17e4:	80 62       	ori	r24, 0x20	; 32
    17e6:	8c 93       	st	X, r24
    17e8:	45 c0       	rjmp	.+138    	; 0x1874 <MTimer0_voidInit+0x2aa>
            break;


        case TIMER0_PWM_FAST:

            SET_BIT(TCCR0, 6);
    17ea:	a3 e5       	ldi	r26, 0x53	; 83
    17ec:	b0 e0       	ldi	r27, 0x00	; 0
    17ee:	e3 e5       	ldi	r30, 0x53	; 83
    17f0:	f0 e0       	ldi	r31, 0x00	; 0
    17f2:	80 81       	ld	r24, Z
    17f4:	80 64       	ori	r24, 0x40	; 64
    17f6:	8c 93       	st	X, r24
            SET_BIT(TCCR0, 3);
    17f8:	a3 e5       	ldi	r26, 0x53	; 83
    17fa:	b0 e0       	ldi	r27, 0x00	; 0
    17fc:	e3 e5       	ldi	r30, 0x53	; 83
    17fe:	f0 e0       	ldi	r31, 0x00	; 0
    1800:	80 81       	ld	r24, Z
    1802:	88 60       	ori	r24, 0x08	; 8
    1804:	8c 93       	st	X, r24

            MDIO_voidInitPin(
    1806:	81 e0       	ldi	r24, 0x01	; 1
    1808:	63 e0       	ldi	r22, 0x03	; 3
    180a:	41 e0       	ldi	r20, 0x01	; 1
    180c:	0e 94 cb 06 	call	0xd96	; 0xd96 <MDIO_voidInitPin>
                DIO_PORTB,
                DIO_PIN3,
                DIO_OUTPUT
            );

            CLR_BIT(TCCR0, 4);
    1810:	a3 e5       	ldi	r26, 0x53	; 83
    1812:	b0 e0       	ldi	r27, 0x00	; 0
    1814:	e3 e5       	ldi	r30, 0x53	; 83
    1816:	f0 e0       	ldi	r31, 0x00	; 0
    1818:	80 81       	ld	r24, Z
    181a:	8f 7e       	andi	r24, 0xEF	; 239
    181c:	8c 93       	st	X, r24
            SET_BIT(TCCR0, 5);
    181e:	a3 e5       	ldi	r26, 0x53	; 83
    1820:	b0 e0       	ldi	r27, 0x00	; 0
    1822:	e3 e5       	ldi	r30, 0x53	; 83
    1824:	f0 e0       	ldi	r31, 0x00	; 0
    1826:	80 81       	ld	r24, Z
    1828:	80 62       	ori	r24, 0x20	; 32
    182a:	8c 93       	st	X, r24
    182c:	23 c0       	rjmp	.+70     	; 0x1874 <MTimer0_voidInit+0x2aa>

            break;


        case TIMER0_CTC:
            CLR_BIT(TCCR0, 6);
    182e:	a3 e5       	ldi	r26, 0x53	; 83
    1830:	b0 e0       	ldi	r27, 0x00	; 0
    1832:	e3 e5       	ldi	r30, 0x53	; 83
    1834:	f0 e0       	ldi	r31, 0x00	; 0
    1836:	80 81       	ld	r24, Z
    1838:	8f 7b       	andi	r24, 0xBF	; 191
    183a:	8c 93       	st	X, r24
            SET_BIT(TCCR0, 3);
    183c:	a3 e5       	ldi	r26, 0x53	; 83
    183e:	b0 e0       	ldi	r27, 0x00	; 0
    1840:	e3 e5       	ldi	r30, 0x53	; 83
    1842:	f0 e0       	ldi	r31, 0x00	; 0
    1844:	80 81       	ld	r24, Z
    1846:	88 60       	ori	r24, 0x08	; 8
    1848:	8c 93       	st	X, r24

            TCNT0 = 0;
    184a:	e2 e5       	ldi	r30, 0x52	; 82
    184c:	f0 e0       	ldi	r31, 0x00	; 0
    184e:	10 82       	st	Z, r1
            OCR0 = 124;
    1850:	ec e5       	ldi	r30, 0x5C	; 92
    1852:	f0 e0       	ldi	r31, 0x00	; 0
    1854:	8c e7       	ldi	r24, 0x7C	; 124
    1856:	80 83       	st	Z, r24

            SET_BIT(SREG, 7);
    1858:	af e5       	ldi	r26, 0x5F	; 95
    185a:	b0 e0       	ldi	r27, 0x00	; 0
    185c:	ef e5       	ldi	r30, 0x5F	; 95
    185e:	f0 e0       	ldi	r31, 0x00	; 0
    1860:	80 81       	ld	r24, Z
    1862:	80 68       	ori	r24, 0x80	; 128
    1864:	8c 93       	st	X, r24
            SET_BIT(TIMSK, 1);
    1866:	a9 e5       	ldi	r26, 0x59	; 89
    1868:	b0 e0       	ldi	r27, 0x00	; 0
    186a:	e9 e5       	ldi	r30, 0x59	; 89
    186c:	f0 e0       	ldi	r31, 0x00	; 0
    186e:	80 81       	ld	r24, Z
    1870:	82 60       	ori	r24, 0x02	; 2
    1872:	8c 93       	st	X, r24


            break;
    }
}
    1874:	27 96       	adiw	r28, 0x07	; 7
    1876:	0f b6       	in	r0, 0x3f	; 63
    1878:	f8 94       	cli
    187a:	de bf       	out	0x3e, r29	; 62
    187c:	0f be       	out	0x3f, r0	; 63
    187e:	cd bf       	out	0x3d, r28	; 61
    1880:	cf 91       	pop	r28
    1882:	df 91       	pop	r29
    1884:	08 95       	ret

00001886 <MTimer0_voidSetDesiredTime>:

void MTimer0_voidSetDesiredTime(
    u32 A_u32DisiredTimeInMicro,
    void (*fptr)(void)
)
{
    1886:	df 93       	push	r29
    1888:	cf 93       	push	r28
    188a:	cd b7       	in	r28, 0x3d	; 61
    188c:	de b7       	in	r29, 0x3e	; 62
    188e:	62 97       	sbiw	r28, 0x12	; 18
    1890:	0f b6       	in	r0, 0x3f	; 63
    1892:	f8 94       	cli
    1894:	de bf       	out	0x3e, r29	; 62
    1896:	0f be       	out	0x3f, r0	; 63
    1898:	cd bf       	out	0x3d, r28	; 61
    189a:	6d 87       	std	Y+13, r22	; 0x0d
    189c:	7e 87       	std	Y+14, r23	; 0x0e
    189e:	8f 87       	std	Y+15, r24	; 0x0f
    18a0:	98 8b       	std	Y+16, r25	; 0x10
    18a2:	5a 8b       	std	Y+18, r21	; 0x12
    18a4:	49 8b       	std	Y+17, r20	; 0x11
    u32 L_u32OverFlowTime = 32 * G_u32Prescaller;
    18a6:	80 91 8f 01 	lds	r24, 0x018F
    18aa:	90 91 90 01 	lds	r25, 0x0190
    18ae:	a0 91 91 01 	lds	r26, 0x0191
    18b2:	b0 91 92 01 	lds	r27, 0x0192
    18b6:	88 0f       	add	r24, r24
    18b8:	99 1f       	adc	r25, r25
    18ba:	aa 1f       	adc	r26, r26
    18bc:	bb 1f       	adc	r27, r27
    18be:	88 0f       	add	r24, r24
    18c0:	99 1f       	adc	r25, r25
    18c2:	aa 1f       	adc	r26, r26
    18c4:	bb 1f       	adc	r27, r27
    18c6:	88 0f       	add	r24, r24
    18c8:	99 1f       	adc	r25, r25
    18ca:	aa 1f       	adc	r26, r26
    18cc:	bb 1f       	adc	r27, r27
    18ce:	88 0f       	add	r24, r24
    18d0:	99 1f       	adc	r25, r25
    18d2:	aa 1f       	adc	r26, r26
    18d4:	bb 1f       	adc	r27, r27
    18d6:	88 0f       	add	r24, r24
    18d8:	99 1f       	adc	r25, r25
    18da:	aa 1f       	adc	r26, r26
    18dc:	bb 1f       	adc	r27, r27
    18de:	89 87       	std	Y+9, r24	; 0x09
    18e0:	9a 87       	std	Y+10, r25	; 0x0a
    18e2:	ab 87       	std	Y+11, r26	; 0x0b
    18e4:	bc 87       	std	Y+12, r27	; 0x0c

    f32 L_f32DesiredOvfCounts =
        A_u32DisiredTimeInMicro / L_u32OverFlowTime;
    18e6:	8d 85       	ldd	r24, Y+13	; 0x0d
    18e8:	9e 85       	ldd	r25, Y+14	; 0x0e
    18ea:	af 85       	ldd	r26, Y+15	; 0x0f
    18ec:	b8 89       	ldd	r27, Y+16	; 0x10
    18ee:	29 85       	ldd	r18, Y+9	; 0x09
    18f0:	3a 85       	ldd	r19, Y+10	; 0x0a
    18f2:	4b 85       	ldd	r20, Y+11	; 0x0b
    18f4:	5c 85       	ldd	r21, Y+12	; 0x0c
    18f6:	bc 01       	movw	r22, r24
    18f8:	cd 01       	movw	r24, r26
    18fa:	0e 94 59 17 	call	0x2eb2	; 0x2eb2 <__udivmodsi4>
    18fe:	da 01       	movw	r26, r20
    1900:	c9 01       	movw	r24, r18
    1902:	bc 01       	movw	r22, r24
    1904:	cd 01       	movw	r24, r26
    1906:	0e 94 5d 04 	call	0x8ba	; 0x8ba <__floatunsisf>
    190a:	dc 01       	movw	r26, r24
    190c:	cb 01       	movw	r24, r22
    190e:	8d 83       	std	Y+5, r24	; 0x05
    1910:	9e 83       	std	Y+6, r25	; 0x06
    1912:	af 83       	std	Y+7, r26	; 0x07
    1914:	b8 87       	std	Y+8, r27	; 0x08

    u32 L_u32PreloadValue;

    Timer0_ptr = fptr;
    1916:	89 89       	ldd	r24, Y+17	; 0x11
    1918:	9a 89       	ldd	r25, Y+18	; 0x12
    191a:	90 93 94 01 	sts	0x0194, r25
    191e:	80 93 93 01 	sts	0x0193, r24


    if(L_f32DesiredOvfCounts < 1.0)
    1922:	6d 81       	ldd	r22, Y+5	; 0x05
    1924:	7e 81       	ldd	r23, Y+6	; 0x06
    1926:	8f 81       	ldd	r24, Y+7	; 0x07
    1928:	98 85       	ldd	r25, Y+8	; 0x08
    192a:	20 e0       	ldi	r18, 0x00	; 0
    192c:	30 e0       	ldi	r19, 0x00	; 0
    192e:	40 e8       	ldi	r20, 0x80	; 128
    1930:	5f e3       	ldi	r21, 0x3F	; 63
    1932:	0e 94 d9 03 	call	0x7b2	; 0x7b2 <__ltsf2>
    1936:	88 23       	and	r24, r24
    1938:	8c f5       	brge	.+98     	; 0x199c <MTimer0_voidSetDesiredTime+0x116>
    {
        G_u32Counter = 1;
    193a:	81 e0       	ldi	r24, 0x01	; 1
    193c:	90 e0       	ldi	r25, 0x00	; 0
    193e:	a0 e0       	ldi	r26, 0x00	; 0
    1940:	b0 e0       	ldi	r27, 0x00	; 0
    1942:	80 93 95 01 	sts	0x0195, r24
    1946:	90 93 96 01 	sts	0x0196, r25
    194a:	a0 93 97 01 	sts	0x0197, r26
    194e:	b0 93 98 01 	sts	0x0198, r27

        L_u32PreloadValue =
    1952:	6d 81       	ldd	r22, Y+5	; 0x05
    1954:	7e 81       	ldd	r23, Y+6	; 0x06
    1956:	8f 81       	ldd	r24, Y+7	; 0x07
    1958:	98 85       	ldd	r25, Y+8	; 0x08
    195a:	20 e0       	ldi	r18, 0x00	; 0
    195c:	30 e0       	ldi	r19, 0x00	; 0
    195e:	40 e8       	ldi	r20, 0x80	; 128
    1960:	53 ec       	ldi	r21, 0xC3	; 195
    1962:	0e 94 1f 02 	call	0x43e	; 0x43e <__mulsf3>
    1966:	dc 01       	movw	r26, r24
    1968:	cb 01       	movw	r24, r22
    196a:	bc 01       	movw	r22, r24
    196c:	cd 01       	movw	r24, r26
    196e:	20 e0       	ldi	r18, 0x00	; 0
    1970:	30 e0       	ldi	r19, 0x00	; 0
    1972:	40 e8       	ldi	r20, 0x80	; 128
    1974:	53 e4       	ldi	r21, 0x43	; 67
    1976:	0e 94 f2 01 	call	0x3e4	; 0x3e4 <__addsf3>
    197a:	dc 01       	movw	r26, r24
    197c:	cb 01       	movw	r24, r22
    197e:	bc 01       	movw	r22, r24
    1980:	cd 01       	movw	r24, r26
    1982:	0e 94 49 00 	call	0x92	; 0x92 <__fixunssfsi>
    1986:	dc 01       	movw	r26, r24
    1988:	cb 01       	movw	r24, r22
    198a:	89 83       	std	Y+1, r24	; 0x01
    198c:	9a 83       	std	Y+2, r25	; 0x02
    198e:	ab 83       	std	Y+3, r26	; 0x03
    1990:	bc 83       	std	Y+4, r27	; 0x04
            256 - 256 * L_f32DesiredOvfCounts;

        TCNT0 = L_u32PreloadValue;
    1992:	e2 e5       	ldi	r30, 0x52	; 82
    1994:	f0 e0       	ldi	r31, 0x00	; 0
    1996:	89 81       	ldd	r24, Y+1	; 0x01
    1998:	80 83       	st	Z, r24
    199a:	a2 c0       	rjmp	.+324    	; 0x1ae0 <MTimer0_voidSetDesiredTime+0x25a>
    }


    else if(L_f32DesiredOvfCounts == 1.0)
    199c:	6d 81       	ldd	r22, Y+5	; 0x05
    199e:	7e 81       	ldd	r23, Y+6	; 0x06
    19a0:	8f 81       	ldd	r24, Y+7	; 0x07
    19a2:	98 85       	ldd	r25, Y+8	; 0x08
    19a4:	20 e0       	ldi	r18, 0x00	; 0
    19a6:	30 e0       	ldi	r19, 0x00	; 0
    19a8:	40 e8       	ldi	r20, 0x80	; 128
    19aa:	5f e3       	ldi	r21, 0x3F	; 63
    19ac:	0e 94 19 03 	call	0x632	; 0x632 <__eqsf2>
    19b0:	88 23       	and	r24, r24
    19b2:	69 f4       	brne	.+26     	; 0x19ce <MTimer0_voidSetDesiredTime+0x148>
    {
        G_u32Counter = 1;
    19b4:	81 e0       	ldi	r24, 0x01	; 1
    19b6:	90 e0       	ldi	r25, 0x00	; 0
    19b8:	a0 e0       	ldi	r26, 0x00	; 0
    19ba:	b0 e0       	ldi	r27, 0x00	; 0
    19bc:	80 93 95 01 	sts	0x0195, r24
    19c0:	90 93 96 01 	sts	0x0196, r25
    19c4:	a0 93 97 01 	sts	0x0197, r26
    19c8:	b0 93 98 01 	sts	0x0198, r27
    19cc:	89 c0       	rjmp	.+274    	; 0x1ae0 <MTimer0_voidSetDesiredTime+0x25a>
    }


    else if(L_f32DesiredOvfCounts > 1.0)
    19ce:	6d 81       	ldd	r22, Y+5	; 0x05
    19d0:	7e 81       	ldd	r23, Y+6	; 0x06
    19d2:	8f 81       	ldd	r24, Y+7	; 0x07
    19d4:	98 85       	ldd	r25, Y+8	; 0x08
    19d6:	20 e0       	ldi	r18, 0x00	; 0
    19d8:	30 e0       	ldi	r19, 0x00	; 0
    19da:	40 e8       	ldi	r20, 0x80	; 128
    19dc:	5f e3       	ldi	r21, 0x3F	; 63
    19de:	0e 94 79 03 	call	0x6f2	; 0x6f2 <__gtsf2>
    19e2:	18 16       	cp	r1, r24
    19e4:	0c f0       	brlt	.+2      	; 0x19e8 <MTimer0_voidSetDesiredTime+0x162>
    19e6:	7c c0       	rjmp	.+248    	; 0x1ae0 <MTimer0_voidSetDesiredTime+0x25a>
    {
        G_u32Counter = L_f32DesiredOvfCounts;
    19e8:	6d 81       	ldd	r22, Y+5	; 0x05
    19ea:	7e 81       	ldd	r23, Y+6	; 0x06
    19ec:	8f 81       	ldd	r24, Y+7	; 0x07
    19ee:	98 85       	ldd	r25, Y+8	; 0x08
    19f0:	0e 94 49 00 	call	0x92	; 0x92 <__fixunssfsi>
    19f4:	dc 01       	movw	r26, r24
    19f6:	cb 01       	movw	r24, r22
    19f8:	80 93 95 01 	sts	0x0195, r24
    19fc:	90 93 96 01 	sts	0x0196, r25
    1a00:	a0 93 97 01 	sts	0x0197, r26
    1a04:	b0 93 98 01 	sts	0x0198, r27

        if(
            (L_f32DesiredOvfCounts -
    1a08:	6d 81       	ldd	r22, Y+5	; 0x05
    1a0a:	7e 81       	ldd	r23, Y+6	; 0x06
    1a0c:	8f 81       	ldd	r24, Y+7	; 0x07
    1a0e:	98 85       	ldd	r25, Y+8	; 0x08
    1a10:	0e 94 49 00 	call	0x92	; 0x92 <__fixunssfsi>
    1a14:	dc 01       	movw	r26, r24
    1a16:	cb 01       	movw	r24, r22
    1a18:	bc 01       	movw	r22, r24
    1a1a:	cd 01       	movw	r24, r26
    1a1c:	0e 94 5d 04 	call	0x8ba	; 0x8ba <__floatunsisf>
    1a20:	9b 01       	movw	r18, r22
    1a22:	ac 01       	movw	r20, r24
    1a24:	6d 81       	ldd	r22, Y+5	; 0x05
    1a26:	7e 81       	ldd	r23, Y+6	; 0x06
    1a28:	8f 81       	ldd	r24, Y+7	; 0x07
    1a2a:	98 85       	ldd	r25, Y+8	; 0x08
    1a2c:	0e 94 c1 01 	call	0x382	; 0x382 <__subsf3>
    1a30:	dc 01       	movw	r26, r24
    1a32:	cb 01       	movw	r24, r22

    else if(L_f32DesiredOvfCounts > 1.0)
    {
        G_u32Counter = L_f32DesiredOvfCounts;

        if(
    1a34:	bc 01       	movw	r22, r24
    1a36:	cd 01       	movw	r24, r26
    1a38:	20 e0       	ldi	r18, 0x00	; 0
    1a3a:	30 e0       	ldi	r19, 0x00	; 0
    1a3c:	40 e0       	ldi	r20, 0x00	; 0
    1a3e:	50 e0       	ldi	r21, 0x00	; 0
    1a40:	0e 94 49 03 	call	0x692	; 0x692 <__nesf2>
    1a44:	88 23       	and	r24, r24
    1a46:	09 f4       	brne	.+2      	; 0x1a4a <MTimer0_voidSetDesiredTime+0x1c4>
    1a48:	4b c0       	rjmp	.+150    	; 0x1ae0 <MTimer0_voidSetDesiredTime+0x25a>
            (L_f32DesiredOvfCounts -
            (u32)L_f32DesiredOvfCounts) != 0
        )
        {
            G_u32Counter++;
    1a4a:	80 91 95 01 	lds	r24, 0x0195
    1a4e:	90 91 96 01 	lds	r25, 0x0196
    1a52:	a0 91 97 01 	lds	r26, 0x0197
    1a56:	b0 91 98 01 	lds	r27, 0x0198
    1a5a:	01 96       	adiw	r24, 0x01	; 1
    1a5c:	a1 1d       	adc	r26, r1
    1a5e:	b1 1d       	adc	r27, r1
    1a60:	80 93 95 01 	sts	0x0195, r24
    1a64:	90 93 96 01 	sts	0x0196, r25
    1a68:	a0 93 97 01 	sts	0x0197, r26
    1a6c:	b0 93 98 01 	sts	0x0198, r27

            L_u32PreloadValue =
    1a70:	6d 81       	ldd	r22, Y+5	; 0x05
    1a72:	7e 81       	ldd	r23, Y+6	; 0x06
    1a74:	8f 81       	ldd	r24, Y+7	; 0x07
    1a76:	98 85       	ldd	r25, Y+8	; 0x08
    1a78:	0e 94 49 00 	call	0x92	; 0x92 <__fixunssfsi>
    1a7c:	dc 01       	movw	r26, r24
    1a7e:	cb 01       	movw	r24, r22
    1a80:	bc 01       	movw	r22, r24
    1a82:	cd 01       	movw	r24, r26
    1a84:	0e 94 5d 04 	call	0x8ba	; 0x8ba <__floatunsisf>
    1a88:	9b 01       	movw	r18, r22
    1a8a:	ac 01       	movw	r20, r24
    1a8c:	6d 81       	ldd	r22, Y+5	; 0x05
    1a8e:	7e 81       	ldd	r23, Y+6	; 0x06
    1a90:	8f 81       	ldd	r24, Y+7	; 0x07
    1a92:	98 85       	ldd	r25, Y+8	; 0x08
    1a94:	0e 94 c1 01 	call	0x382	; 0x382 <__subsf3>
    1a98:	dc 01       	movw	r26, r24
    1a9a:	cb 01       	movw	r24, r22
    1a9c:	9c 01       	movw	r18, r24
    1a9e:	ad 01       	movw	r20, r26
    1aa0:	60 e0       	ldi	r22, 0x00	; 0
    1aa2:	70 e0       	ldi	r23, 0x00	; 0
    1aa4:	80 e8       	ldi	r24, 0x80	; 128
    1aa6:	9f e3       	ldi	r25, 0x3F	; 63
    1aa8:	0e 94 c1 01 	call	0x382	; 0x382 <__subsf3>
    1aac:	dc 01       	movw	r26, r24
    1aae:	cb 01       	movw	r24, r22
    1ab0:	bc 01       	movw	r22, r24
    1ab2:	cd 01       	movw	r24, r26
    1ab4:	20 e0       	ldi	r18, 0x00	; 0
    1ab6:	30 e0       	ldi	r19, 0x00	; 0
    1ab8:	40 e8       	ldi	r20, 0x80	; 128
    1aba:	53 e4       	ldi	r21, 0x43	; 67
    1abc:	0e 94 1f 02 	call	0x43e	; 0x43e <__mulsf3>
    1ac0:	dc 01       	movw	r26, r24
    1ac2:	cb 01       	movw	r24, r22
    1ac4:	bc 01       	movw	r22, r24
    1ac6:	cd 01       	movw	r24, r26
    1ac8:	0e 94 49 00 	call	0x92	; 0x92 <__fixunssfsi>
    1acc:	dc 01       	movw	r26, r24
    1ace:	cb 01       	movw	r24, r22
    1ad0:	89 83       	std	Y+1, r24	; 0x01
    1ad2:	9a 83       	std	Y+2, r25	; 0x02
    1ad4:	ab 83       	std	Y+3, r26	; 0x03
    1ad6:	bc 83       	std	Y+4, r27	; 0x04
                        L_f32DesiredOvfCounts -
                        (u32)L_f32DesiredOvfCounts
                    )
                );

            TCNT0 = L_u32PreloadValue;
    1ad8:	e2 e5       	ldi	r30, 0x52	; 82
    1ada:	f0 e0       	ldi	r31, 0x00	; 0
    1adc:	89 81       	ldd	r24, Y+1	; 0x01
    1ade:	80 83       	st	Z, r24
        }
    }
}
    1ae0:	62 96       	adiw	r28, 0x12	; 18
    1ae2:	0f b6       	in	r0, 0x3f	; 63
    1ae4:	f8 94       	cli
    1ae6:	de bf       	out	0x3e, r29	; 62
    1ae8:	0f be       	out	0x3f, r0	; 63
    1aea:	cd bf       	out	0x3d, r28	; 61
    1aec:	cf 91       	pop	r28
    1aee:	df 91       	pop	r29
    1af0:	08 95       	ret

00001af2 <MTimer0_voidGenetatePWM>:

void MTimer0_voidGenetatePWM(u8 A_u8CompareValue)
{
    1af2:	df 93       	push	r29
    1af4:	cf 93       	push	r28
    1af6:	0f 92       	push	r0
    1af8:	cd b7       	in	r28, 0x3d	; 61
    1afa:	de b7       	in	r29, 0x3e	; 62
    1afc:	89 83       	std	Y+1, r24	; 0x01
    OCR0 = A_u8CompareValue;
    1afe:	ec e5       	ldi	r30, 0x5C	; 92
    1b00:	f0 e0       	ldi	r31, 0x00	; 0
    1b02:	89 81       	ldd	r24, Y+1	; 0x01
    1b04:	80 83       	st	Z, r24
}
    1b06:	0f 90       	pop	r0
    1b08:	cf 91       	pop	r28
    1b0a:	df 91       	pop	r29
    1b0c:	08 95       	ret

00001b0e <__vector_10>:


void __vector_10(void) __attribute__((signal));

void __vector_10(void)
{
    1b0e:	1f 92       	push	r1
    1b10:	0f 92       	push	r0
    1b12:	0f b6       	in	r0, 0x3f	; 63
    1b14:	0f 92       	push	r0
    1b16:	11 24       	eor	r1, r1
    1b18:	2f 93       	push	r18
    1b1a:	3f 93       	push	r19
    1b1c:	4f 93       	push	r20
    1b1e:	5f 93       	push	r21
    1b20:	6f 93       	push	r22
    1b22:	7f 93       	push	r23
    1b24:	8f 93       	push	r24
    1b26:	9f 93       	push	r25
    1b28:	af 93       	push	r26
    1b2a:	bf 93       	push	r27
    1b2c:	ef 93       	push	r30
    1b2e:	ff 93       	push	r31
    1b30:	df 93       	push	r29
    1b32:	cf 93       	push	r28
    1b34:	cd b7       	in	r28, 0x3d	; 61
    1b36:	de b7       	in	r29, 0x3e	; 62
    static u16 L_u16Counter = 0;

    L_u16Counter++;
    1b38:	80 91 8a 01 	lds	r24, 0x018A
    1b3c:	90 91 8b 01 	lds	r25, 0x018B
    1b40:	01 96       	adiw	r24, 0x01	; 1
    1b42:	90 93 8b 01 	sts	0x018B, r25
    1b46:	80 93 8a 01 	sts	0x018A, r24

    if(L_u16Counter >= 1000)
    1b4a:	80 91 8a 01 	lds	r24, 0x018A
    1b4e:	90 91 8b 01 	lds	r25, 0x018B
    1b52:	23 e0       	ldi	r18, 0x03	; 3
    1b54:	88 3e       	cpi	r24, 0xE8	; 232
    1b56:	92 07       	cpc	r25, r18
    1b58:	48 f0       	brcs	.+18     	; 0x1b6c <__vector_10+0x5e>
    {
        L_u16Counter = 0;
    1b5a:	10 92 8b 01 	sts	0x018B, r1
    1b5e:	10 92 8a 01 	sts	0x018A, r1

        Timer0_ptr();
    1b62:	e0 91 93 01 	lds	r30, 0x0193
    1b66:	f0 91 94 01 	lds	r31, 0x0194
    1b6a:	09 95       	icall
    }
}
    1b6c:	cf 91       	pop	r28
    1b6e:	df 91       	pop	r29
    1b70:	ff 91       	pop	r31
    1b72:	ef 91       	pop	r30
    1b74:	bf 91       	pop	r27
    1b76:	af 91       	pop	r26
    1b78:	9f 91       	pop	r25
    1b7a:	8f 91       	pop	r24
    1b7c:	7f 91       	pop	r23
    1b7e:	6f 91       	pop	r22
    1b80:	5f 91       	pop	r21
    1b82:	4f 91       	pop	r20
    1b84:	3f 91       	pop	r19
    1b86:	2f 91       	pop	r18
    1b88:	0f 90       	pop	r0
    1b8a:	0f be       	out	0x3f, r0	; 63
    1b8c:	0f 90       	pop	r0
    1b8e:	1f 90       	pop	r1
    1b90:	18 95       	reti

00001b92 <MTimer0_voidSetCallback>:



void MTimer0_voidSetCallback(void (*fptr)(void))
{
    1b92:	df 93       	push	r29
    1b94:	cf 93       	push	r28
    1b96:	00 d0       	rcall	.+0      	; 0x1b98 <MTimer0_voidSetCallback+0x6>
    1b98:	cd b7       	in	r28, 0x3d	; 61
    1b9a:	de b7       	in	r29, 0x3e	; 62
    1b9c:	9a 83       	std	Y+2, r25	; 0x02
    1b9e:	89 83       	std	Y+1, r24	; 0x01
    Timer0_ptr = fptr;
    1ba0:	89 81       	ldd	r24, Y+1	; 0x01
    1ba2:	9a 81       	ldd	r25, Y+2	; 0x02
    1ba4:	90 93 94 01 	sts	0x0194, r25
    1ba8:	80 93 93 01 	sts	0x0193, r24
}
    1bac:	0f 90       	pop	r0
    1bae:	0f 90       	pop	r0
    1bb0:	cf 91       	pop	r28
    1bb2:	df 91       	pop	r29
    1bb4:	08 95       	ret

00001bb6 <HPB_voidInit>:

#include "PB.h"
#include <util/delay.h>

void HPB_voidInit (A_u8PbPort , A_u8PbPin)
{
    1bb6:	df 93       	push	r29
    1bb8:	cf 93       	push	r28
    1bba:	00 d0       	rcall	.+0      	; 0x1bbc <HPB_voidInit+0x6>
    1bbc:	00 d0       	rcall	.+0      	; 0x1bbe <HPB_voidInit+0x8>
    1bbe:	cd b7       	in	r28, 0x3d	; 61
    1bc0:	de b7       	in	r29, 0x3e	; 62
    1bc2:	9a 83       	std	Y+2, r25	; 0x02
    1bc4:	89 83       	std	Y+1, r24	; 0x01
    1bc6:	7c 83       	std	Y+4, r23	; 0x04
    1bc8:	6b 83       	std	Y+3, r22	; 0x03
	MDIO_voidInitPin(A_u8PbPort, A_u8PbPin, DIO_INPUT) ;
    1bca:	89 81       	ldd	r24, Y+1	; 0x01
    1bcc:	9b 81       	ldd	r25, Y+3	; 0x03
    1bce:	69 2f       	mov	r22, r25
    1bd0:	40 e0       	ldi	r20, 0x00	; 0
    1bd2:	0e 94 cb 06 	call	0xd96	; 0xd96 <MDIO_voidInitPin>
	MDIO_voidSetPinValue(A_u8PbPort, A_u8PbPin, DIO_HIGH) ;
    1bd6:	89 81       	ldd	r24, Y+1	; 0x01
    1bd8:	9b 81       	ldd	r25, Y+3	; 0x03
    1bda:	69 2f       	mov	r22, r25
    1bdc:	41 e0       	ldi	r20, 0x01	; 1
    1bde:	0e 94 bd 07 	call	0xf7a	; 0xf7a <MDIO_voidSetPinValue>
}
    1be2:	0f 90       	pop	r0
    1be4:	0f 90       	pop	r0
    1be6:	0f 90       	pop	r0
    1be8:	0f 90       	pop	r0
    1bea:	cf 91       	pop	r28
    1bec:	df 91       	pop	r29
    1bee:	08 95       	ret

00001bf0 <HPB_u8GetStatues>:
u8   HPB_u8GetStatues (A_u8PbPort , A_u8PbPin)
{
    1bf0:	df 93       	push	r29
    1bf2:	cf 93       	push	r28
    1bf4:	cd b7       	in	r28, 0x3d	; 61
    1bf6:	de b7       	in	r29, 0x3e	; 62
    1bf8:	a1 97       	sbiw	r28, 0x21	; 33
    1bfa:	0f b6       	in	r0, 0x3f	; 63
    1bfc:	f8 94       	cli
    1bfe:	de bf       	out	0x3e, r29	; 62
    1c00:	0f be       	out	0x3f, r0	; 63
    1c02:	cd bf       	out	0x3d, r28	; 61
    1c04:	9f 8f       	std	Y+31, r25	; 0x1f
    1c06:	8e 8f       	std	Y+30, r24	; 0x1e
    1c08:	79 a3       	std	Y+33, r23	; 0x21
    1c0a:	68 a3       	std	Y+32, r22	; 0x20
	u8 L_u8PbStaus ;
	L_u8PbStaus =  MDIO_u8ReadPinValue(A_u8PbPort, A_u8PbPin) ;
    1c0c:	8e 8d       	ldd	r24, Y+30	; 0x1e
    1c0e:	98 a1       	ldd	r25, Y+32	; 0x20
    1c10:	69 2f       	mov	r22, r25
    1c12:	0e 94 af 08 	call	0x115e	; 0x115e <MDIO_u8ReadPinValue>
    1c16:	8d 8f       	std	Y+29, r24	; 0x1d
	if (L_u8PbStaus == PB_PRESSED)
    1c18:	8d 8d       	ldd	r24, Y+29	; 0x1d
    1c1a:	88 23       	and	r24, r24
    1c1c:	09 f0       	breq	.+2      	; 0x1c20 <HPB_u8GetStatues+0x30>
    1c1e:	f7 c0       	rjmp	.+494    	; 0x1e0e <HPB_u8GetStatues+0x21e>
    1c20:	80 e0       	ldi	r24, 0x00	; 0
    1c22:	90 e0       	ldi	r25, 0x00	; 0
    1c24:	a0 ea       	ldi	r26, 0xA0	; 160
    1c26:	b1 e4       	ldi	r27, 0x41	; 65
    1c28:	89 8f       	std	Y+25, r24	; 0x19
    1c2a:	9a 8f       	std	Y+26, r25	; 0x1a
    1c2c:	ab 8f       	std	Y+27, r26	; 0x1b
    1c2e:	bc 8f       	std	Y+28, r27	; 0x1c
 */
void
_delay_ms(double __ms)
{
	uint16_t __ticks;
	double __tmp = ((F_CPU) / 4e3) * __ms;
    1c30:	69 8d       	ldd	r22, Y+25	; 0x19
    1c32:	7a 8d       	ldd	r23, Y+26	; 0x1a
    1c34:	8b 8d       	ldd	r24, Y+27	; 0x1b
    1c36:	9c 8d       	ldd	r25, Y+28	; 0x1c
    1c38:	20 e0       	ldi	r18, 0x00	; 0
    1c3a:	30 e0       	ldi	r19, 0x00	; 0
    1c3c:	4a e7       	ldi	r20, 0x7A	; 122
    1c3e:	53 e4       	ldi	r21, 0x43	; 67
    1c40:	0e 94 1f 02 	call	0x43e	; 0x43e <__mulsf3>
    1c44:	dc 01       	movw	r26, r24
    1c46:	cb 01       	movw	r24, r22
    1c48:	8d 8b       	std	Y+21, r24	; 0x15
    1c4a:	9e 8b       	std	Y+22, r25	; 0x16
    1c4c:	af 8b       	std	Y+23, r26	; 0x17
    1c4e:	b8 8f       	std	Y+24, r27	; 0x18
	if (__tmp < 1.0)
    1c50:	6d 89       	ldd	r22, Y+21	; 0x15
    1c52:	7e 89       	ldd	r23, Y+22	; 0x16
    1c54:	8f 89       	ldd	r24, Y+23	; 0x17
    1c56:	98 8d       	ldd	r25, Y+24	; 0x18
    1c58:	20 e0       	ldi	r18, 0x00	; 0
    1c5a:	30 e0       	ldi	r19, 0x00	; 0
    1c5c:	40 e8       	ldi	r20, 0x80	; 128
    1c5e:	5f e3       	ldi	r21, 0x3F	; 63
    1c60:	0e 94 d9 03 	call	0x7b2	; 0x7b2 <__ltsf2>
    1c64:	88 23       	and	r24, r24
    1c66:	2c f4       	brge	.+10     	; 0x1c72 <HPB_u8GetStatues+0x82>
		__ticks = 1;
    1c68:	81 e0       	ldi	r24, 0x01	; 1
    1c6a:	90 e0       	ldi	r25, 0x00	; 0
    1c6c:	9c 8b       	std	Y+20, r25	; 0x14
    1c6e:	8b 8b       	std	Y+19, r24	; 0x13
    1c70:	3f c0       	rjmp	.+126    	; 0x1cf0 <HPB_u8GetStatues+0x100>
	else if (__tmp > 65535)
    1c72:	6d 89       	ldd	r22, Y+21	; 0x15
    1c74:	7e 89       	ldd	r23, Y+22	; 0x16
    1c76:	8f 89       	ldd	r24, Y+23	; 0x17
    1c78:	98 8d       	ldd	r25, Y+24	; 0x18
    1c7a:	20 e0       	ldi	r18, 0x00	; 0
    1c7c:	3f ef       	ldi	r19, 0xFF	; 255
    1c7e:	4f e7       	ldi	r20, 0x7F	; 127
    1c80:	57 e4       	ldi	r21, 0x47	; 71
    1c82:	0e 94 79 03 	call	0x6f2	; 0x6f2 <__gtsf2>
    1c86:	18 16       	cp	r1, r24
    1c88:	4c f5       	brge	.+82     	; 0x1cdc <HPB_u8GetStatues+0xec>
	{
		//	__ticks = requested delay in 1/10 ms
		__ticks = (uint16_t) (__ms * 10.0);
    1c8a:	69 8d       	ldd	r22, Y+25	; 0x19
    1c8c:	7a 8d       	ldd	r23, Y+26	; 0x1a
    1c8e:	8b 8d       	ldd	r24, Y+27	; 0x1b
    1c90:	9c 8d       	ldd	r25, Y+28	; 0x1c
    1c92:	20 e0       	ldi	r18, 0x00	; 0
    1c94:	30 e0       	ldi	r19, 0x00	; 0
    1c96:	40 e2       	ldi	r20, 0x20	; 32
    1c98:	51 e4       	ldi	r21, 0x41	; 65
    1c9a:	0e 94 1f 02 	call	0x43e	; 0x43e <__mulsf3>
    1c9e:	dc 01       	movw	r26, r24
    1ca0:	cb 01       	movw	r24, r22
    1ca2:	bc 01       	movw	r22, r24
    1ca4:	cd 01       	movw	r24, r26
    1ca6:	0e 94 49 00 	call	0x92	; 0x92 <__fixunssfsi>
    1caa:	dc 01       	movw	r26, r24
    1cac:	cb 01       	movw	r24, r22
    1cae:	9c 8b       	std	Y+20, r25	; 0x14
    1cb0:	8b 8b       	std	Y+19, r24	; 0x13
    1cb2:	0f c0       	rjmp	.+30     	; 0x1cd2 <HPB_u8GetStatues+0xe2>
    1cb4:	89 e1       	ldi	r24, 0x19	; 25
    1cb6:	90 e0       	ldi	r25, 0x00	; 0
    1cb8:	9a 8b       	std	Y+18, r25	; 0x12
    1cba:	89 8b       	std	Y+17, r24	; 0x11
    milliseconds can be achieved.
 */
void
_delay_loop_2(uint16_t __count)
{
	__asm__ volatile (
    1cbc:	89 89       	ldd	r24, Y+17	; 0x11
    1cbe:	9a 89       	ldd	r25, Y+18	; 0x12
    1cc0:	01 97       	sbiw	r24, 0x01	; 1
    1cc2:	f1 f7       	brne	.-4      	; 0x1cc0 <HPB_u8GetStatues+0xd0>
    1cc4:	9a 8b       	std	Y+18, r25	; 0x12
    1cc6:	89 8b       	std	Y+17, r24	; 0x11
		while(__ticks)
		{
			// wait 1/10 ms
			_delay_loop_2(((F_CPU) / 4e3) / 10);
			__ticks --;
    1cc8:	8b 89       	ldd	r24, Y+19	; 0x13
    1cca:	9c 89       	ldd	r25, Y+20	; 0x14
    1ccc:	01 97       	sbiw	r24, 0x01	; 1
    1cce:	9c 8b       	std	Y+20, r25	; 0x14
    1cd0:	8b 8b       	std	Y+19, r24	; 0x13
		__ticks = 1;
	else if (__tmp > 65535)
	{
		//	__ticks = requested delay in 1/10 ms
		__ticks = (uint16_t) (__ms * 10.0);
		while(__ticks)
    1cd2:	8b 89       	ldd	r24, Y+19	; 0x13
    1cd4:	9c 89       	ldd	r25, Y+20	; 0x14
    1cd6:	00 97       	sbiw	r24, 0x00	; 0
    1cd8:	69 f7       	brne	.-38     	; 0x1cb4 <HPB_u8GetStatues+0xc4>
    1cda:	14 c0       	rjmp	.+40     	; 0x1d04 <HPB_u8GetStatues+0x114>
			__ticks --;
		}
		return;
	}
	else
		__ticks = (uint16_t)__tmp;
    1cdc:	6d 89       	ldd	r22, Y+21	; 0x15
    1cde:	7e 89       	ldd	r23, Y+22	; 0x16
    1ce0:	8f 89       	ldd	r24, Y+23	; 0x17
    1ce2:	98 8d       	ldd	r25, Y+24	; 0x18
    1ce4:	0e 94 49 00 	call	0x92	; 0x92 <__fixunssfsi>
    1ce8:	dc 01       	movw	r26, r24
    1cea:	cb 01       	movw	r24, r22
    1cec:	9c 8b       	std	Y+20, r25	; 0x14
    1cee:	8b 8b       	std	Y+19, r24	; 0x13
    1cf0:	8b 89       	ldd	r24, Y+19	; 0x13
    1cf2:	9c 89       	ldd	r25, Y+20	; 0x14
    1cf4:	98 8b       	std	Y+16, r25	; 0x10
    1cf6:	8f 87       	std	Y+15, r24	; 0x0f
    1cf8:	8f 85       	ldd	r24, Y+15	; 0x0f
    1cfa:	98 89       	ldd	r25, Y+16	; 0x10
    1cfc:	01 97       	sbiw	r24, 0x01	; 1
    1cfe:	f1 f7       	brne	.-4      	; 0x1cfc <HPB_u8GetStatues+0x10c>
    1d00:	98 8b       	std	Y+16, r25	; 0x10
    1d02:	8f 87       	std	Y+15, r24	; 0x0f
	{
		_delay_ms(20) ;
		if (MDIO_u8ReadPinValue(A_u8PbPort, A_u8PbPin) == PB_PRESSED)
    1d04:	8e 8d       	ldd	r24, Y+30	; 0x1e
    1d06:	98 a1       	ldd	r25, Y+32	; 0x20
    1d08:	69 2f       	mov	r22, r25
    1d0a:	0e 94 af 08 	call	0x115e	; 0x115e <MDIO_u8ReadPinValue>
    1d0e:	88 23       	and	r24, r24
    1d10:	09 f0       	breq	.+2      	; 0x1d14 <HPB_u8GetStatues+0x124>
    1d12:	7b c0       	rjmp	.+246    	; 0x1e0a <HPB_u8GetStatues+0x21a>
		{
			L_u8PbStaus = PB_PRESSED ;
    1d14:	1d 8e       	std	Y+29, r1	; 0x1d
		    while (MDIO_u8ReadPinValue(A_u8PbPort, A_u8PbPin) == PB_PRESSED) ;
    1d16:	8e 8d       	ldd	r24, Y+30	; 0x1e
    1d18:	98 a1       	ldd	r25, Y+32	; 0x20
    1d1a:	69 2f       	mov	r22, r25
    1d1c:	0e 94 af 08 	call	0x115e	; 0x115e <MDIO_u8ReadPinValue>
    1d20:	88 23       	and	r24, r24
    1d22:	c9 f3       	breq	.-14     	; 0x1d16 <HPB_u8GetStatues+0x126>
    1d24:	80 e0       	ldi	r24, 0x00	; 0
    1d26:	90 e0       	ldi	r25, 0x00	; 0
    1d28:	a0 ea       	ldi	r26, 0xA0	; 160
    1d2a:	b1 e4       	ldi	r27, 0x41	; 65
    1d2c:	8b 87       	std	Y+11, r24	; 0x0b
    1d2e:	9c 87       	std	Y+12, r25	; 0x0c
    1d30:	ad 87       	std	Y+13, r26	; 0x0d
    1d32:	be 87       	std	Y+14, r27	; 0x0e
 */
void
_delay_ms(double __ms)
{
	uint16_t __ticks;
	double __tmp = ((F_CPU) / 4e3) * __ms;
    1d34:	6b 85       	ldd	r22, Y+11	; 0x0b
    1d36:	7c 85       	ldd	r23, Y+12	; 0x0c
    1d38:	8d 85       	ldd	r24, Y+13	; 0x0d
    1d3a:	9e 85       	ldd	r25, Y+14	; 0x0e
    1d3c:	20 e0       	ldi	r18, 0x00	; 0
    1d3e:	30 e0       	ldi	r19, 0x00	; 0
    1d40:	4a e7       	ldi	r20, 0x7A	; 122
    1d42:	53 e4       	ldi	r21, 0x43	; 67
    1d44:	0e 94 1f 02 	call	0x43e	; 0x43e <__mulsf3>
    1d48:	dc 01       	movw	r26, r24
    1d4a:	cb 01       	movw	r24, r22
    1d4c:	8f 83       	std	Y+7, r24	; 0x07
    1d4e:	98 87       	std	Y+8, r25	; 0x08
    1d50:	a9 87       	std	Y+9, r26	; 0x09
    1d52:	ba 87       	std	Y+10, r27	; 0x0a
	if (__tmp < 1.0)
    1d54:	6f 81       	ldd	r22, Y+7	; 0x07
    1d56:	78 85       	ldd	r23, Y+8	; 0x08
    1d58:	89 85       	ldd	r24, Y+9	; 0x09
    1d5a:	9a 85       	ldd	r25, Y+10	; 0x0a
    1d5c:	20 e0       	ldi	r18, 0x00	; 0
    1d5e:	30 e0       	ldi	r19, 0x00	; 0
    1d60:	40 e8       	ldi	r20, 0x80	; 128
    1d62:	5f e3       	ldi	r21, 0x3F	; 63
    1d64:	0e 94 d9 03 	call	0x7b2	; 0x7b2 <__ltsf2>
    1d68:	88 23       	and	r24, r24
    1d6a:	2c f4       	brge	.+10     	; 0x1d76 <HPB_u8GetStatues+0x186>
		__ticks = 1;
    1d6c:	81 e0       	ldi	r24, 0x01	; 1
    1d6e:	90 e0       	ldi	r25, 0x00	; 0
    1d70:	9e 83       	std	Y+6, r25	; 0x06
    1d72:	8d 83       	std	Y+5, r24	; 0x05
    1d74:	3f c0       	rjmp	.+126    	; 0x1df4 <HPB_u8GetStatues+0x204>
	else if (__tmp > 65535)
    1d76:	6f 81       	ldd	r22, Y+7	; 0x07
    1d78:	78 85       	ldd	r23, Y+8	; 0x08
    1d7a:	89 85       	ldd	r24, Y+9	; 0x09
    1d7c:	9a 85       	ldd	r25, Y+10	; 0x0a
    1d7e:	20 e0       	ldi	r18, 0x00	; 0
    1d80:	3f ef       	ldi	r19, 0xFF	; 255
    1d82:	4f e7       	ldi	r20, 0x7F	; 127
    1d84:	57 e4       	ldi	r21, 0x47	; 71
    1d86:	0e 94 79 03 	call	0x6f2	; 0x6f2 <__gtsf2>
    1d8a:	18 16       	cp	r1, r24
    1d8c:	4c f5       	brge	.+82     	; 0x1de0 <HPB_u8GetStatues+0x1f0>
	{
		//	__ticks = requested delay in 1/10 ms
		__ticks = (uint16_t) (__ms * 10.0);
    1d8e:	6b 85       	ldd	r22, Y+11	; 0x0b
    1d90:	7c 85       	ldd	r23, Y+12	; 0x0c
    1d92:	8d 85       	ldd	r24, Y+13	; 0x0d
    1d94:	9e 85       	ldd	r25, Y+14	; 0x0e
    1d96:	20 e0       	ldi	r18, 0x00	; 0
    1d98:	30 e0       	ldi	r19, 0x00	; 0
    1d9a:	40 e2       	ldi	r20, 0x20	; 32
    1d9c:	51 e4       	ldi	r21, 0x41	; 65
    1d9e:	0e 94 1f 02 	call	0x43e	; 0x43e <__mulsf3>
    1da2:	dc 01       	movw	r26, r24
    1da4:	cb 01       	movw	r24, r22
    1da6:	bc 01       	movw	r22, r24
    1da8:	cd 01       	movw	r24, r26
    1daa:	0e 94 49 00 	call	0x92	; 0x92 <__fixunssfsi>
    1dae:	dc 01       	movw	r26, r24
    1db0:	cb 01       	movw	r24, r22
    1db2:	9e 83       	std	Y+6, r25	; 0x06
    1db4:	8d 83       	std	Y+5, r24	; 0x05
    1db6:	0f c0       	rjmp	.+30     	; 0x1dd6 <HPB_u8GetStatues+0x1e6>
    1db8:	89 e1       	ldi	r24, 0x19	; 25
    1dba:	90 e0       	ldi	r25, 0x00	; 0
    1dbc:	9c 83       	std	Y+4, r25	; 0x04
    1dbe:	8b 83       	std	Y+3, r24	; 0x03
    1dc0:	8b 81       	ldd	r24, Y+3	; 0x03
    1dc2:	9c 81       	ldd	r25, Y+4	; 0x04
    1dc4:	01 97       	sbiw	r24, 0x01	; 1
    1dc6:	f1 f7       	brne	.-4      	; 0x1dc4 <HPB_u8GetStatues+0x1d4>
    1dc8:	9c 83       	std	Y+4, r25	; 0x04
    1dca:	8b 83       	std	Y+3, r24	; 0x03
		while(__ticks)
		{
			// wait 1/10 ms
			_delay_loop_2(((F_CPU) / 4e3) / 10);
			__ticks --;
    1dcc:	8d 81       	ldd	r24, Y+5	; 0x05
    1dce:	9e 81       	ldd	r25, Y+6	; 0x06
    1dd0:	01 97       	sbiw	r24, 0x01	; 1
    1dd2:	9e 83       	std	Y+6, r25	; 0x06
    1dd4:	8d 83       	std	Y+5, r24	; 0x05
		__ticks = 1;
	else if (__tmp > 65535)
	{
		//	__ticks = requested delay in 1/10 ms
		__ticks = (uint16_t) (__ms * 10.0);
		while(__ticks)
    1dd6:	8d 81       	ldd	r24, Y+5	; 0x05
    1dd8:	9e 81       	ldd	r25, Y+6	; 0x06
    1dda:	00 97       	sbiw	r24, 0x00	; 0
    1ddc:	69 f7       	brne	.-38     	; 0x1db8 <HPB_u8GetStatues+0x1c8>
    1dde:	17 c0       	rjmp	.+46     	; 0x1e0e <HPB_u8GetStatues+0x21e>
			__ticks --;
		}
		return;
	}
	else
		__ticks = (uint16_t)__tmp;
    1de0:	6f 81       	ldd	r22, Y+7	; 0x07
    1de2:	78 85       	ldd	r23, Y+8	; 0x08
    1de4:	89 85       	ldd	r24, Y+9	; 0x09
    1de6:	9a 85       	ldd	r25, Y+10	; 0x0a
    1de8:	0e 94 49 00 	call	0x92	; 0x92 <__fixunssfsi>
    1dec:	dc 01       	movw	r26, r24
    1dee:	cb 01       	movw	r24, r22
    1df0:	9e 83       	std	Y+6, r25	; 0x06
    1df2:	8d 83       	std	Y+5, r24	; 0x05
    1df4:	8d 81       	ldd	r24, Y+5	; 0x05
    1df6:	9e 81       	ldd	r25, Y+6	; 0x06
    1df8:	9a 83       	std	Y+2, r25	; 0x02
    1dfa:	89 83       	std	Y+1, r24	; 0x01
    1dfc:	89 81       	ldd	r24, Y+1	; 0x01
    1dfe:	9a 81       	ldd	r25, Y+2	; 0x02
    1e00:	01 97       	sbiw	r24, 0x01	; 1
    1e02:	f1 f7       	brne	.-4      	; 0x1e00 <HPB_u8GetStatues+0x210>
    1e04:	9a 83       	std	Y+2, r25	; 0x02
    1e06:	89 83       	std	Y+1, r24	; 0x01
    1e08:	02 c0       	rjmp	.+4      	; 0x1e0e <HPB_u8GetStatues+0x21e>
		    _delay_ms(20) ;
		}
		else
		{
			L_u8PbStaus = PB_NOT_PRESSED ;
    1e0a:	81 e0       	ldi	r24, 0x01	; 1
    1e0c:	8d 8f       	std	Y+29, r24	; 0x1d
		}
	}
	return L_u8PbStaus ;
    1e0e:	8d 8d       	ldd	r24, Y+29	; 0x1d
}
    1e10:	a1 96       	adiw	r28, 0x21	; 33
    1e12:	0f b6       	in	r0, 0x3f	; 63
    1e14:	f8 94       	cli
    1e16:	de bf       	out	0x3e, r29	; 62
    1e18:	0f be       	out	0x3f, r0	; 63
    1e1a:	cd bf       	out	0x3d, r28	; 61
    1e1c:	cf 91       	pop	r28
    1e1e:	df 91       	pop	r29
    1e20:	08 95       	ret

00001e22 <HLED_voidInit>:
#include "../../MCAL/DIO/DIO.h"

#include "LED.h"

void HLED_voidInit      (A_u8LedPort , A_u8LedPin)
{
    1e22:	df 93       	push	r29
    1e24:	cf 93       	push	r28
    1e26:	00 d0       	rcall	.+0      	; 0x1e28 <HLED_voidInit+0x6>
    1e28:	00 d0       	rcall	.+0      	; 0x1e2a <HLED_voidInit+0x8>
    1e2a:	cd b7       	in	r28, 0x3d	; 61
    1e2c:	de b7       	in	r29, 0x3e	; 62
    1e2e:	9a 83       	std	Y+2, r25	; 0x02
    1e30:	89 83       	std	Y+1, r24	; 0x01
    1e32:	7c 83       	std	Y+4, r23	; 0x04
    1e34:	6b 83       	std	Y+3, r22	; 0x03
	MDIO_voidInitPin(A_u8LedPort, A_u8LedPin, DIO_OUTPUT) ;
    1e36:	89 81       	ldd	r24, Y+1	; 0x01
    1e38:	9b 81       	ldd	r25, Y+3	; 0x03
    1e3a:	69 2f       	mov	r22, r25
    1e3c:	41 e0       	ldi	r20, 0x01	; 1
    1e3e:	0e 94 cb 06 	call	0xd96	; 0xd96 <MDIO_voidInitPin>
}
    1e42:	0f 90       	pop	r0
    1e44:	0f 90       	pop	r0
    1e46:	0f 90       	pop	r0
    1e48:	0f 90       	pop	r0
    1e4a:	cf 91       	pop	r28
    1e4c:	df 91       	pop	r29
    1e4e:	08 95       	ret

00001e50 <HLED_voidTurnOn>:
void HLED_voidTurnOn    (A_u8LedPort , A_u8LedPin)
{
    1e50:	df 93       	push	r29
    1e52:	cf 93       	push	r28
    1e54:	00 d0       	rcall	.+0      	; 0x1e56 <HLED_voidTurnOn+0x6>
    1e56:	00 d0       	rcall	.+0      	; 0x1e58 <HLED_voidTurnOn+0x8>
    1e58:	cd b7       	in	r28, 0x3d	; 61
    1e5a:	de b7       	in	r29, 0x3e	; 62
    1e5c:	9a 83       	std	Y+2, r25	; 0x02
    1e5e:	89 83       	std	Y+1, r24	; 0x01
    1e60:	7c 83       	std	Y+4, r23	; 0x04
    1e62:	6b 83       	std	Y+3, r22	; 0x03
	MDIO_voidSetPinValue(A_u8LedPort, A_u8LedPin, DIO_HIGH) ;
    1e64:	89 81       	ldd	r24, Y+1	; 0x01
    1e66:	9b 81       	ldd	r25, Y+3	; 0x03
    1e68:	69 2f       	mov	r22, r25
    1e6a:	41 e0       	ldi	r20, 0x01	; 1
    1e6c:	0e 94 bd 07 	call	0xf7a	; 0xf7a <MDIO_voidSetPinValue>
}
    1e70:	0f 90       	pop	r0
    1e72:	0f 90       	pop	r0
    1e74:	0f 90       	pop	r0
    1e76:	0f 90       	pop	r0
    1e78:	cf 91       	pop	r28
    1e7a:	df 91       	pop	r29
    1e7c:	08 95       	ret

00001e7e <HLED_voidTurnOff>:
void HLED_voidTurnOff   (A_u8LedPort , A_u8LedPin)
{
    1e7e:	df 93       	push	r29
    1e80:	cf 93       	push	r28
    1e82:	00 d0       	rcall	.+0      	; 0x1e84 <HLED_voidTurnOff+0x6>
    1e84:	00 d0       	rcall	.+0      	; 0x1e86 <HLED_voidTurnOff+0x8>
    1e86:	cd b7       	in	r28, 0x3d	; 61
    1e88:	de b7       	in	r29, 0x3e	; 62
    1e8a:	9a 83       	std	Y+2, r25	; 0x02
    1e8c:	89 83       	std	Y+1, r24	; 0x01
    1e8e:	7c 83       	std	Y+4, r23	; 0x04
    1e90:	6b 83       	std	Y+3, r22	; 0x03
	MDIO_voidSetPinValue(A_u8LedPort, A_u8LedPin, DIO_LOW) ;
    1e92:	89 81       	ldd	r24, Y+1	; 0x01
    1e94:	9b 81       	ldd	r25, Y+3	; 0x03
    1e96:	69 2f       	mov	r22, r25
    1e98:	40 e0       	ldi	r20, 0x00	; 0
    1e9a:	0e 94 bd 07 	call	0xf7a	; 0xf7a <MDIO_voidSetPinValue>
}
    1e9e:	0f 90       	pop	r0
    1ea0:	0f 90       	pop	r0
    1ea2:	0f 90       	pop	r0
    1ea4:	0f 90       	pop	r0
    1ea6:	cf 91       	pop	r28
    1ea8:	df 91       	pop	r29
    1eaa:	08 95       	ret

00001eac <HLED_voidTogStatus>:
void HLED_voidTogStatus (A_u8LedPort , A_u8LedPin)
{
    1eac:	df 93       	push	r29
    1eae:	cf 93       	push	r28
    1eb0:	00 d0       	rcall	.+0      	; 0x1eb2 <HLED_voidTogStatus+0x6>
    1eb2:	00 d0       	rcall	.+0      	; 0x1eb4 <HLED_voidTogStatus+0x8>
    1eb4:	cd b7       	in	r28, 0x3d	; 61
    1eb6:	de b7       	in	r29, 0x3e	; 62
    1eb8:	9a 83       	std	Y+2, r25	; 0x02
    1eba:	89 83       	std	Y+1, r24	; 0x01
    1ebc:	7c 83       	std	Y+4, r23	; 0x04
    1ebe:	6b 83       	std	Y+3, r22	; 0x03
	MDIO_voidTogPinValue (A_u8LedPort , A_u8LedPin) ;
    1ec0:	89 81       	ldd	r24, Y+1	; 0x01
    1ec2:	9b 81       	ldd	r25, Y+3	; 0x03
    1ec4:	69 2f       	mov	r22, r25
    1ec6:	0e 94 5a 09 	call	0x12b4	; 0x12b4 <MDIO_voidTogPinValue>
}
    1eca:	0f 90       	pop	r0
    1ecc:	0f 90       	pop	r0
    1ece:	0f 90       	pop	r0
    1ed0:	0f 90       	pop	r0
    1ed2:	cf 91       	pop	r28
    1ed4:	df 91       	pop	r29
    1ed6:	08 95       	ret

00001ed8 <MEXTI0_voidInit>:

void (*EXTI0_ptr)(void) ;
void (*EXTI1_ptr)(void) ;
void (*EXTI2_ptr)(void) ;
void MEXTI0_voidInit (u8 A_u8Sensing)
{
    1ed8:	df 93       	push	r29
    1eda:	cf 93       	push	r28
    1edc:	00 d0       	rcall	.+0      	; 0x1ede <MEXTI0_voidInit+0x6>
    1ede:	0f 92       	push	r0
    1ee0:	cd b7       	in	r28, 0x3d	; 61
    1ee2:	de b7       	in	r29, 0x3e	; 62
    1ee4:	89 83       	std	Y+1, r24	; 0x01
	SET_BIT(SREG , 7) ;
    1ee6:	af e5       	ldi	r26, 0x5F	; 95
    1ee8:	b0 e0       	ldi	r27, 0x00	; 0
    1eea:	ef e5       	ldi	r30, 0x5F	; 95
    1eec:	f0 e0       	ldi	r31, 0x00	; 0
    1eee:	80 81       	ld	r24, Z
    1ef0:	80 68       	ori	r24, 0x80	; 128
    1ef2:	8c 93       	st	X, r24
	SET_BIT(GICR , 6) ;
    1ef4:	ab e5       	ldi	r26, 0x5B	; 91
    1ef6:	b0 e0       	ldi	r27, 0x00	; 0
    1ef8:	eb e5       	ldi	r30, 0x5B	; 91
    1efa:	f0 e0       	ldi	r31, 0x00	; 0
    1efc:	80 81       	ld	r24, Z
    1efe:	80 64       	ori	r24, 0x40	; 64
    1f00:	8c 93       	st	X, r24
	switch (A_u8Sensing)
    1f02:	89 81       	ldd	r24, Y+1	; 0x01
    1f04:	28 2f       	mov	r18, r24
    1f06:	30 e0       	ldi	r19, 0x00	; 0
    1f08:	3b 83       	std	Y+3, r19	; 0x03
    1f0a:	2a 83       	std	Y+2, r18	; 0x02
    1f0c:	8a 81       	ldd	r24, Y+2	; 0x02
    1f0e:	9b 81       	ldd	r25, Y+3	; 0x03
    1f10:	81 30       	cpi	r24, 0x01	; 1
    1f12:	91 05       	cpc	r25, r1
    1f14:	21 f1       	breq	.+72     	; 0x1f5e <MEXTI0_voidInit+0x86>
    1f16:	2a 81       	ldd	r18, Y+2	; 0x02
    1f18:	3b 81       	ldd	r19, Y+3	; 0x03
    1f1a:	22 30       	cpi	r18, 0x02	; 2
    1f1c:	31 05       	cpc	r19, r1
    1f1e:	2c f4       	brge	.+10     	; 0x1f2a <MEXTI0_voidInit+0x52>
    1f20:	8a 81       	ldd	r24, Y+2	; 0x02
    1f22:	9b 81       	ldd	r25, Y+3	; 0x03
    1f24:	00 97       	sbiw	r24, 0x00	; 0
    1f26:	61 f0       	breq	.+24     	; 0x1f40 <MEXTI0_voidInit+0x68>
    1f28:	46 c0       	rjmp	.+140    	; 0x1fb6 <MEXTI0_voidInit+0xde>
    1f2a:	2a 81       	ldd	r18, Y+2	; 0x02
    1f2c:	3b 81       	ldd	r19, Y+3	; 0x03
    1f2e:	22 30       	cpi	r18, 0x02	; 2
    1f30:	31 05       	cpc	r19, r1
    1f32:	21 f1       	breq	.+72     	; 0x1f7c <MEXTI0_voidInit+0xa4>
    1f34:	8a 81       	ldd	r24, Y+2	; 0x02
    1f36:	9b 81       	ldd	r25, Y+3	; 0x03
    1f38:	83 30       	cpi	r24, 0x03	; 3
    1f3a:	91 05       	cpc	r25, r1
    1f3c:	71 f1       	breq	.+92     	; 0x1f9a <MEXTI0_voidInit+0xc2>
    1f3e:	3b c0       	rjmp	.+118    	; 0x1fb6 <MEXTI0_voidInit+0xde>
	{
	case SENSE_LOW_LEVEL :
		CLR_BIT(MCUCR , 0) ;
    1f40:	a5 e5       	ldi	r26, 0x55	; 85
    1f42:	b0 e0       	ldi	r27, 0x00	; 0
    1f44:	e5 e5       	ldi	r30, 0x55	; 85
    1f46:	f0 e0       	ldi	r31, 0x00	; 0
    1f48:	80 81       	ld	r24, Z
    1f4a:	8e 7f       	andi	r24, 0xFE	; 254
    1f4c:	8c 93       	st	X, r24
		CLR_BIT(MCUCR , 1) ;
    1f4e:	a5 e5       	ldi	r26, 0x55	; 85
    1f50:	b0 e0       	ldi	r27, 0x00	; 0
    1f52:	e5 e5       	ldi	r30, 0x55	; 85
    1f54:	f0 e0       	ldi	r31, 0x00	; 0
    1f56:	80 81       	ld	r24, Z
    1f58:	8d 7f       	andi	r24, 0xFD	; 253
    1f5a:	8c 93       	st	X, r24
    1f5c:	2c c0       	rjmp	.+88     	; 0x1fb6 <MEXTI0_voidInit+0xde>
		break ;
	case SENSE_ON_CHANGE :
		SET_BIT(MCUCR , 0) ;
    1f5e:	a5 e5       	ldi	r26, 0x55	; 85
    1f60:	b0 e0       	ldi	r27, 0x00	; 0
    1f62:	e5 e5       	ldi	r30, 0x55	; 85
    1f64:	f0 e0       	ldi	r31, 0x00	; 0
    1f66:	80 81       	ld	r24, Z
    1f68:	81 60       	ori	r24, 0x01	; 1
    1f6a:	8c 93       	st	X, r24
		CLR_BIT(MCUCR , 1) ;
    1f6c:	a5 e5       	ldi	r26, 0x55	; 85
    1f6e:	b0 e0       	ldi	r27, 0x00	; 0
    1f70:	e5 e5       	ldi	r30, 0x55	; 85
    1f72:	f0 e0       	ldi	r31, 0x00	; 0
    1f74:	80 81       	ld	r24, Z
    1f76:	8d 7f       	andi	r24, 0xFD	; 253
    1f78:	8c 93       	st	X, r24
    1f7a:	1d c0       	rjmp	.+58     	; 0x1fb6 <MEXTI0_voidInit+0xde>
		break ;
	case SENSE_FAILLING  :
		CLR_BIT(MCUCR , 0) ;
    1f7c:	a5 e5       	ldi	r26, 0x55	; 85
    1f7e:	b0 e0       	ldi	r27, 0x00	; 0
    1f80:	e5 e5       	ldi	r30, 0x55	; 85
    1f82:	f0 e0       	ldi	r31, 0x00	; 0
    1f84:	80 81       	ld	r24, Z
    1f86:	8e 7f       	andi	r24, 0xFE	; 254
    1f88:	8c 93       	st	X, r24
		SET_BIT(MCUCR , 1) ;
    1f8a:	a5 e5       	ldi	r26, 0x55	; 85
    1f8c:	b0 e0       	ldi	r27, 0x00	; 0
    1f8e:	e5 e5       	ldi	r30, 0x55	; 85
    1f90:	f0 e0       	ldi	r31, 0x00	; 0
    1f92:	80 81       	ld	r24, Z
    1f94:	82 60       	ori	r24, 0x02	; 2
    1f96:	8c 93       	st	X, r24
    1f98:	0e c0       	rjmp	.+28     	; 0x1fb6 <MEXTI0_voidInit+0xde>
		break ;
	case SENSE_RISING    :
		SET_BIT(MCUCR , 0) ;
    1f9a:	a5 e5       	ldi	r26, 0x55	; 85
    1f9c:	b0 e0       	ldi	r27, 0x00	; 0
    1f9e:	e5 e5       	ldi	r30, 0x55	; 85
    1fa0:	f0 e0       	ldi	r31, 0x00	; 0
    1fa2:	80 81       	ld	r24, Z
    1fa4:	81 60       	ori	r24, 0x01	; 1
    1fa6:	8c 93       	st	X, r24
		SET_BIT(MCUCR , 1) ;
    1fa8:	a5 e5       	ldi	r26, 0x55	; 85
    1faa:	b0 e0       	ldi	r27, 0x00	; 0
    1fac:	e5 e5       	ldi	r30, 0x55	; 85
    1fae:	f0 e0       	ldi	r31, 0x00	; 0
    1fb0:	80 81       	ld	r24, Z
    1fb2:	82 60       	ori	r24, 0x02	; 2
    1fb4:	8c 93       	st	X, r24
		break ;
	}
}
    1fb6:	0f 90       	pop	r0
    1fb8:	0f 90       	pop	r0
    1fba:	0f 90       	pop	r0
    1fbc:	cf 91       	pop	r28
    1fbe:	df 91       	pop	r29
    1fc0:	08 95       	ret

00001fc2 <MEXTI1_voidInit>:
void MEXTI1_voidInit (u8 A_u8Sensing)
{
    1fc2:	df 93       	push	r29
    1fc4:	cf 93       	push	r28
    1fc6:	00 d0       	rcall	.+0      	; 0x1fc8 <MEXTI1_voidInit+0x6>
    1fc8:	0f 92       	push	r0
    1fca:	cd b7       	in	r28, 0x3d	; 61
    1fcc:	de b7       	in	r29, 0x3e	; 62
    1fce:	89 83       	std	Y+1, r24	; 0x01
	SET_BIT(SREG , 7) ;
    1fd0:	af e5       	ldi	r26, 0x5F	; 95
    1fd2:	b0 e0       	ldi	r27, 0x00	; 0
    1fd4:	ef e5       	ldi	r30, 0x5F	; 95
    1fd6:	f0 e0       	ldi	r31, 0x00	; 0
    1fd8:	80 81       	ld	r24, Z
    1fda:	80 68       	ori	r24, 0x80	; 128
    1fdc:	8c 93       	st	X, r24
	SET_BIT(GICR , 7) ;
    1fde:	ab e5       	ldi	r26, 0x5B	; 91
    1fe0:	b0 e0       	ldi	r27, 0x00	; 0
    1fe2:	eb e5       	ldi	r30, 0x5B	; 91
    1fe4:	f0 e0       	ldi	r31, 0x00	; 0
    1fe6:	80 81       	ld	r24, Z
    1fe8:	80 68       	ori	r24, 0x80	; 128
    1fea:	8c 93       	st	X, r24
	switch (A_u8Sensing)
    1fec:	89 81       	ldd	r24, Y+1	; 0x01
    1fee:	28 2f       	mov	r18, r24
    1ff0:	30 e0       	ldi	r19, 0x00	; 0
    1ff2:	3b 83       	std	Y+3, r19	; 0x03
    1ff4:	2a 83       	std	Y+2, r18	; 0x02
    1ff6:	8a 81       	ldd	r24, Y+2	; 0x02
    1ff8:	9b 81       	ldd	r25, Y+3	; 0x03
    1ffa:	81 30       	cpi	r24, 0x01	; 1
    1ffc:	91 05       	cpc	r25, r1
    1ffe:	21 f1       	breq	.+72     	; 0x2048 <MEXTI1_voidInit+0x86>
    2000:	2a 81       	ldd	r18, Y+2	; 0x02
    2002:	3b 81       	ldd	r19, Y+3	; 0x03
    2004:	22 30       	cpi	r18, 0x02	; 2
    2006:	31 05       	cpc	r19, r1
    2008:	2c f4       	brge	.+10     	; 0x2014 <MEXTI1_voidInit+0x52>
    200a:	8a 81       	ldd	r24, Y+2	; 0x02
    200c:	9b 81       	ldd	r25, Y+3	; 0x03
    200e:	00 97       	sbiw	r24, 0x00	; 0
    2010:	61 f0       	breq	.+24     	; 0x202a <MEXTI1_voidInit+0x68>
    2012:	46 c0       	rjmp	.+140    	; 0x20a0 <MEXTI1_voidInit+0xde>
    2014:	2a 81       	ldd	r18, Y+2	; 0x02
    2016:	3b 81       	ldd	r19, Y+3	; 0x03
    2018:	22 30       	cpi	r18, 0x02	; 2
    201a:	31 05       	cpc	r19, r1
    201c:	21 f1       	breq	.+72     	; 0x2066 <MEXTI1_voidInit+0xa4>
    201e:	8a 81       	ldd	r24, Y+2	; 0x02
    2020:	9b 81       	ldd	r25, Y+3	; 0x03
    2022:	83 30       	cpi	r24, 0x03	; 3
    2024:	91 05       	cpc	r25, r1
    2026:	71 f1       	breq	.+92     	; 0x2084 <MEXTI1_voidInit+0xc2>
    2028:	3b c0       	rjmp	.+118    	; 0x20a0 <MEXTI1_voidInit+0xde>
	{
	case SENSE_LOW_LEVEL :
		CLR_BIT(MCUCR , 2) ;
    202a:	a5 e5       	ldi	r26, 0x55	; 85
    202c:	b0 e0       	ldi	r27, 0x00	; 0
    202e:	e5 e5       	ldi	r30, 0x55	; 85
    2030:	f0 e0       	ldi	r31, 0x00	; 0
    2032:	80 81       	ld	r24, Z
    2034:	8b 7f       	andi	r24, 0xFB	; 251
    2036:	8c 93       	st	X, r24
		CLR_BIT(MCUCR , 3) ;
    2038:	a5 e5       	ldi	r26, 0x55	; 85
    203a:	b0 e0       	ldi	r27, 0x00	; 0
    203c:	e5 e5       	ldi	r30, 0x55	; 85
    203e:	f0 e0       	ldi	r31, 0x00	; 0
    2040:	80 81       	ld	r24, Z
    2042:	87 7f       	andi	r24, 0xF7	; 247
    2044:	8c 93       	st	X, r24
    2046:	2c c0       	rjmp	.+88     	; 0x20a0 <MEXTI1_voidInit+0xde>
		break ;
	case SENSE_ON_CHANGE :
		SET_BIT(MCUCR , 2) ;
    2048:	a5 e5       	ldi	r26, 0x55	; 85
    204a:	b0 e0       	ldi	r27, 0x00	; 0
    204c:	e5 e5       	ldi	r30, 0x55	; 85
    204e:	f0 e0       	ldi	r31, 0x00	; 0
    2050:	80 81       	ld	r24, Z
    2052:	84 60       	ori	r24, 0x04	; 4
    2054:	8c 93       	st	X, r24
		CLR_BIT(MCUCR , 3) ;
    2056:	a5 e5       	ldi	r26, 0x55	; 85
    2058:	b0 e0       	ldi	r27, 0x00	; 0
    205a:	e5 e5       	ldi	r30, 0x55	; 85
    205c:	f0 e0       	ldi	r31, 0x00	; 0
    205e:	80 81       	ld	r24, Z
    2060:	87 7f       	andi	r24, 0xF7	; 247
    2062:	8c 93       	st	X, r24
    2064:	1d c0       	rjmp	.+58     	; 0x20a0 <MEXTI1_voidInit+0xde>
		break ;
	case SENSE_FAILLING  :
		CLR_BIT(MCUCR , 2) ;
    2066:	a5 e5       	ldi	r26, 0x55	; 85
    2068:	b0 e0       	ldi	r27, 0x00	; 0
    206a:	e5 e5       	ldi	r30, 0x55	; 85
    206c:	f0 e0       	ldi	r31, 0x00	; 0
    206e:	80 81       	ld	r24, Z
    2070:	8b 7f       	andi	r24, 0xFB	; 251
    2072:	8c 93       	st	X, r24
		SET_BIT(MCUCR , 3) ;
    2074:	a5 e5       	ldi	r26, 0x55	; 85
    2076:	b0 e0       	ldi	r27, 0x00	; 0
    2078:	e5 e5       	ldi	r30, 0x55	; 85
    207a:	f0 e0       	ldi	r31, 0x00	; 0
    207c:	80 81       	ld	r24, Z
    207e:	88 60       	ori	r24, 0x08	; 8
    2080:	8c 93       	st	X, r24
    2082:	0e c0       	rjmp	.+28     	; 0x20a0 <MEXTI1_voidInit+0xde>
		break ;
	case SENSE_RISING    :
		SET_BIT(MCUCR , 2) ;
    2084:	a5 e5       	ldi	r26, 0x55	; 85
    2086:	b0 e0       	ldi	r27, 0x00	; 0
    2088:	e5 e5       	ldi	r30, 0x55	; 85
    208a:	f0 e0       	ldi	r31, 0x00	; 0
    208c:	80 81       	ld	r24, Z
    208e:	84 60       	ori	r24, 0x04	; 4
    2090:	8c 93       	st	X, r24
		SET_BIT(MCUCR , 3) ;
    2092:	a5 e5       	ldi	r26, 0x55	; 85
    2094:	b0 e0       	ldi	r27, 0x00	; 0
    2096:	e5 e5       	ldi	r30, 0x55	; 85
    2098:	f0 e0       	ldi	r31, 0x00	; 0
    209a:	80 81       	ld	r24, Z
    209c:	88 60       	ori	r24, 0x08	; 8
    209e:	8c 93       	st	X, r24
		break ;
	}
}
    20a0:	0f 90       	pop	r0
    20a2:	0f 90       	pop	r0
    20a4:	0f 90       	pop	r0
    20a6:	cf 91       	pop	r28
    20a8:	df 91       	pop	r29
    20aa:	08 95       	ret

000020ac <MEXTI2_voidInit>:
void MEXTI2_voidInit (u8 A_u8Sensing)
{
    20ac:	df 93       	push	r29
    20ae:	cf 93       	push	r28
    20b0:	00 d0       	rcall	.+0      	; 0x20b2 <MEXTI2_voidInit+0x6>
    20b2:	0f 92       	push	r0
    20b4:	cd b7       	in	r28, 0x3d	; 61
    20b6:	de b7       	in	r29, 0x3e	; 62
    20b8:	89 83       	std	Y+1, r24	; 0x01
	SET_BIT(SREG , 7) ;
    20ba:	af e5       	ldi	r26, 0x5F	; 95
    20bc:	b0 e0       	ldi	r27, 0x00	; 0
    20be:	ef e5       	ldi	r30, 0x5F	; 95
    20c0:	f0 e0       	ldi	r31, 0x00	; 0
    20c2:	80 81       	ld	r24, Z
    20c4:	80 68       	ori	r24, 0x80	; 128
    20c6:	8c 93       	st	X, r24
	SET_BIT(GICR , 5) ;
    20c8:	ab e5       	ldi	r26, 0x5B	; 91
    20ca:	b0 e0       	ldi	r27, 0x00	; 0
    20cc:	eb e5       	ldi	r30, 0x5B	; 91
    20ce:	f0 e0       	ldi	r31, 0x00	; 0
    20d0:	80 81       	ld	r24, Z
    20d2:	80 62       	ori	r24, 0x20	; 32
    20d4:	8c 93       	st	X, r24
	switch (A_u8Sensing)
    20d6:	89 81       	ldd	r24, Y+1	; 0x01
    20d8:	28 2f       	mov	r18, r24
    20da:	30 e0       	ldi	r19, 0x00	; 0
    20dc:	3b 83       	std	Y+3, r19	; 0x03
    20de:	2a 83       	std	Y+2, r18	; 0x02
    20e0:	8a 81       	ldd	r24, Y+2	; 0x02
    20e2:	9b 81       	ldd	r25, Y+3	; 0x03
    20e4:	82 30       	cpi	r24, 0x02	; 2
    20e6:	91 05       	cpc	r25, r1
    20e8:	31 f0       	breq	.+12     	; 0x20f6 <MEXTI2_voidInit+0x4a>
    20ea:	2a 81       	ldd	r18, Y+2	; 0x02
    20ec:	3b 81       	ldd	r19, Y+3	; 0x03
    20ee:	23 30       	cpi	r18, 0x03	; 3
    20f0:	31 05       	cpc	r19, r1
    20f2:	49 f0       	breq	.+18     	; 0x2106 <MEXTI2_voidInit+0x5a>
    20f4:	0f c0       	rjmp	.+30     	; 0x2114 <MEXTI2_voidInit+0x68>
	{
	case SENSE_FAILLING  :
		CLR_BIT(MCUCSR , 6) ;
    20f6:	a4 e5       	ldi	r26, 0x54	; 84
    20f8:	b0 e0       	ldi	r27, 0x00	; 0
    20fa:	e4 e5       	ldi	r30, 0x54	; 84
    20fc:	f0 e0       	ldi	r31, 0x00	; 0
    20fe:	80 81       	ld	r24, Z
    2100:	8f 7b       	andi	r24, 0xBF	; 191
    2102:	8c 93       	st	X, r24
    2104:	07 c0       	rjmp	.+14     	; 0x2114 <MEXTI2_voidInit+0x68>
		break ;
	case SENSE_RISING    :
		SET_BIT(MCUCSR , 6) ;
    2106:	a4 e5       	ldi	r26, 0x54	; 84
    2108:	b0 e0       	ldi	r27, 0x00	; 0
    210a:	e4 e5       	ldi	r30, 0x54	; 84
    210c:	f0 e0       	ldi	r31, 0x00	; 0
    210e:	80 81       	ld	r24, Z
    2110:	80 64       	ori	r24, 0x40	; 64
    2112:	8c 93       	st	X, r24
		break ;
	}
}
    2114:	0f 90       	pop	r0
    2116:	0f 90       	pop	r0
    2118:	0f 90       	pop	r0
    211a:	cf 91       	pop	r28
    211c:	df 91       	pop	r29
    211e:	08 95       	ret

00002120 <MEXTI0_voidCallBack>:
void MEXTI0_voidCallBack (void (*fptr)(void))
{
    2120:	df 93       	push	r29
    2122:	cf 93       	push	r28
    2124:	00 d0       	rcall	.+0      	; 0x2126 <MEXTI0_voidCallBack+0x6>
    2126:	cd b7       	in	r28, 0x3d	; 61
    2128:	de b7       	in	r29, 0x3e	; 62
    212a:	9a 83       	std	Y+2, r25	; 0x02
    212c:	89 83       	std	Y+1, r24	; 0x01
	EXTI0_ptr = fptr ;
    212e:	89 81       	ldd	r24, Y+1	; 0x01
    2130:	9a 81       	ldd	r25, Y+2	; 0x02
    2132:	90 93 9e 01 	sts	0x019E, r25
    2136:	80 93 9d 01 	sts	0x019D, r24
}
    213a:	0f 90       	pop	r0
    213c:	0f 90       	pop	r0
    213e:	cf 91       	pop	r28
    2140:	df 91       	pop	r29
    2142:	08 95       	ret

00002144 <MEXTI1_voidCallBack>:
void MEXTI1_voidCallBack (void (*fptr)(void))
{
    2144:	df 93       	push	r29
    2146:	cf 93       	push	r28
    2148:	00 d0       	rcall	.+0      	; 0x214a <MEXTI1_voidCallBack+0x6>
    214a:	cd b7       	in	r28, 0x3d	; 61
    214c:	de b7       	in	r29, 0x3e	; 62
    214e:	9a 83       	std	Y+2, r25	; 0x02
    2150:	89 83       	std	Y+1, r24	; 0x01
	EXTI1_ptr = fptr ;
    2152:	89 81       	ldd	r24, Y+1	; 0x01
    2154:	9a 81       	ldd	r25, Y+2	; 0x02
    2156:	90 93 9a 01 	sts	0x019A, r25
    215a:	80 93 99 01 	sts	0x0199, r24
}
    215e:	0f 90       	pop	r0
    2160:	0f 90       	pop	r0
    2162:	cf 91       	pop	r28
    2164:	df 91       	pop	r29
    2166:	08 95       	ret

00002168 <MEXTI2_voidCallBack>:
void MEXTI2_voidCallBack (void (*fptr)(void))
{
    2168:	df 93       	push	r29
    216a:	cf 93       	push	r28
    216c:	00 d0       	rcall	.+0      	; 0x216e <MEXTI2_voidCallBack+0x6>
    216e:	cd b7       	in	r28, 0x3d	; 61
    2170:	de b7       	in	r29, 0x3e	; 62
    2172:	9a 83       	std	Y+2, r25	; 0x02
    2174:	89 83       	std	Y+1, r24	; 0x01
	EXTI2_ptr = fptr ;
    2176:	89 81       	ldd	r24, Y+1	; 0x01
    2178:	9a 81       	ldd	r25, Y+2	; 0x02
    217a:	90 93 9c 01 	sts	0x019C, r25
    217e:	80 93 9b 01 	sts	0x019B, r24
}
    2182:	0f 90       	pop	r0
    2184:	0f 90       	pop	r0
    2186:	cf 91       	pop	r28
    2188:	df 91       	pop	r29
    218a:	08 95       	ret

0000218c <__vector_1>:
//EXTI0 ISR
void __vector_1 (void)__attribute__((signal)) ;
void __vector_1 (void)
{
    218c:	1f 92       	push	r1
    218e:	0f 92       	push	r0
    2190:	0f b6       	in	r0, 0x3f	; 63
    2192:	0f 92       	push	r0
    2194:	11 24       	eor	r1, r1
    2196:	2f 93       	push	r18
    2198:	3f 93       	push	r19
    219a:	4f 93       	push	r20
    219c:	5f 93       	push	r21
    219e:	6f 93       	push	r22
    21a0:	7f 93       	push	r23
    21a2:	8f 93       	push	r24
    21a4:	9f 93       	push	r25
    21a6:	af 93       	push	r26
    21a8:	bf 93       	push	r27
    21aa:	ef 93       	push	r30
    21ac:	ff 93       	push	r31
    21ae:	df 93       	push	r29
    21b0:	cf 93       	push	r28
    21b2:	cd b7       	in	r28, 0x3d	; 61
    21b4:	de b7       	in	r29, 0x3e	; 62
	EXTI0_ptr () ;
    21b6:	e0 91 9d 01 	lds	r30, 0x019D
    21ba:	f0 91 9e 01 	lds	r31, 0x019E
    21be:	09 95       	icall
}
    21c0:	cf 91       	pop	r28
    21c2:	df 91       	pop	r29
    21c4:	ff 91       	pop	r31
    21c6:	ef 91       	pop	r30
    21c8:	bf 91       	pop	r27
    21ca:	af 91       	pop	r26
    21cc:	9f 91       	pop	r25
    21ce:	8f 91       	pop	r24
    21d0:	7f 91       	pop	r23
    21d2:	6f 91       	pop	r22
    21d4:	5f 91       	pop	r21
    21d6:	4f 91       	pop	r20
    21d8:	3f 91       	pop	r19
    21da:	2f 91       	pop	r18
    21dc:	0f 90       	pop	r0
    21de:	0f be       	out	0x3f, r0	; 63
    21e0:	0f 90       	pop	r0
    21e2:	1f 90       	pop	r1
    21e4:	18 95       	reti

000021e6 <__vector_2>:

//EXTI1 ISR
void __vector_2 (void)__attribute__((signal)) ;
void __vector_2 (void)
{
    21e6:	1f 92       	push	r1
    21e8:	0f 92       	push	r0
    21ea:	0f b6       	in	r0, 0x3f	; 63
    21ec:	0f 92       	push	r0
    21ee:	11 24       	eor	r1, r1
    21f0:	2f 93       	push	r18
    21f2:	3f 93       	push	r19
    21f4:	4f 93       	push	r20
    21f6:	5f 93       	push	r21
    21f8:	6f 93       	push	r22
    21fa:	7f 93       	push	r23
    21fc:	8f 93       	push	r24
    21fe:	9f 93       	push	r25
    2200:	af 93       	push	r26
    2202:	bf 93       	push	r27
    2204:	ef 93       	push	r30
    2206:	ff 93       	push	r31
    2208:	df 93       	push	r29
    220a:	cf 93       	push	r28
    220c:	cd b7       	in	r28, 0x3d	; 61
    220e:	de b7       	in	r29, 0x3e	; 62
	EXTI1_ptr () ;
    2210:	e0 91 99 01 	lds	r30, 0x0199
    2214:	f0 91 9a 01 	lds	r31, 0x019A
    2218:	09 95       	icall
}
    221a:	cf 91       	pop	r28
    221c:	df 91       	pop	r29
    221e:	ff 91       	pop	r31
    2220:	ef 91       	pop	r30
    2222:	bf 91       	pop	r27
    2224:	af 91       	pop	r26
    2226:	9f 91       	pop	r25
    2228:	8f 91       	pop	r24
    222a:	7f 91       	pop	r23
    222c:	6f 91       	pop	r22
    222e:	5f 91       	pop	r21
    2230:	4f 91       	pop	r20
    2232:	3f 91       	pop	r19
    2234:	2f 91       	pop	r18
    2236:	0f 90       	pop	r0
    2238:	0f be       	out	0x3f, r0	; 63
    223a:	0f 90       	pop	r0
    223c:	1f 90       	pop	r1
    223e:	18 95       	reti

00002240 <__vector_3>:

//EXTI3 ISR
void __vector_3 (void)__attribute__((signal)) ;
void __vector_3 (void)
{
    2240:	1f 92       	push	r1
    2242:	0f 92       	push	r0
    2244:	0f b6       	in	r0, 0x3f	; 63
    2246:	0f 92       	push	r0
    2248:	11 24       	eor	r1, r1
    224a:	2f 93       	push	r18
    224c:	3f 93       	push	r19
    224e:	4f 93       	push	r20
    2250:	5f 93       	push	r21
    2252:	6f 93       	push	r22
    2254:	7f 93       	push	r23
    2256:	8f 93       	push	r24
    2258:	9f 93       	push	r25
    225a:	af 93       	push	r26
    225c:	bf 93       	push	r27
    225e:	ef 93       	push	r30
    2260:	ff 93       	push	r31
    2262:	df 93       	push	r29
    2264:	cf 93       	push	r28
    2266:	cd b7       	in	r28, 0x3d	; 61
    2268:	de b7       	in	r29, 0x3e	; 62
	EXTI2_ptr () ;
    226a:	e0 91 9b 01 	lds	r30, 0x019B
    226e:	f0 91 9c 01 	lds	r31, 0x019C
    2272:	09 95       	icall
}
    2274:	cf 91       	pop	r28
    2276:	df 91       	pop	r29
    2278:	ff 91       	pop	r31
    227a:	ef 91       	pop	r30
    227c:	bf 91       	pop	r27
    227e:	af 91       	pop	r26
    2280:	9f 91       	pop	r25
    2282:	8f 91       	pop	r24
    2284:	7f 91       	pop	r23
    2286:	6f 91       	pop	r22
    2288:	5f 91       	pop	r21
    228a:	4f 91       	pop	r20
    228c:	3f 91       	pop	r19
    228e:	2f 91       	pop	r18
    2290:	0f 90       	pop	r0
    2292:	0f be       	out	0x3f, r0	; 63
    2294:	0f 90       	pop	r0
    2296:	1f 90       	pop	r1
    2298:	18 95       	reti

0000229a <H7SEG_voidInit>:
		0x6F
};


void H7SEG_voidInit (Seg_Connections Seg)
{
    229a:	df 93       	push	r29
    229c:	cf 93       	push	r28
    229e:	00 d0       	rcall	.+0      	; 0x22a0 <H7SEG_voidInit+0x6>
    22a0:	00 d0       	rcall	.+0      	; 0x22a2 <H7SEG_voidInit+0x8>
    22a2:	cd b7       	in	r28, 0x3d	; 61
    22a4:	de b7       	in	r29, 0x3e	; 62
    22a6:	69 83       	std	Y+1, r22	; 0x01
    22a8:	7a 83       	std	Y+2, r23	; 0x02
    22aa:	8b 83       	std	Y+3, r24	; 0x03
    22ac:	9c 83       	std	Y+4, r25	; 0x04
	MDIO_voidInitPort(Seg.A_u8SegPort, 0xff) ;
    22ae:	89 81       	ldd	r24, Y+1	; 0x01
    22b0:	6f ef       	ldi	r22, 0xFF	; 255
    22b2:	0e 94 d7 09 	call	0x13ae	; 0x13ae <MDIO_voidInitPort>
	MDIO_voidInitPin(Seg.A_u8CommPort, Seg.A_u8CommPin, DIO_OUTPUT) ;
    22b6:	8b 81       	ldd	r24, Y+3	; 0x03
    22b8:	9c 81       	ldd	r25, Y+4	; 0x04
    22ba:	69 2f       	mov	r22, r25
    22bc:	41 e0       	ldi	r20, 0x01	; 1
    22be:	0e 94 cb 06 	call	0xd96	; 0xd96 <MDIO_voidInitPin>
}
    22c2:	0f 90       	pop	r0
    22c4:	0f 90       	pop	r0
    22c6:	0f 90       	pop	r0
    22c8:	0f 90       	pop	r0
    22ca:	cf 91       	pop	r28
    22cc:	df 91       	pop	r29
    22ce:	08 95       	ret

000022d0 <H7SEG_voidDisplayNumber>:
void H7SEG_voidDisplayNumber (Seg_Connections Seg , u8 A_u8Number)
{
    22d0:	df 93       	push	r29
    22d2:	cf 93       	push	r28
    22d4:	cd b7       	in	r28, 0x3d	; 61
    22d6:	de b7       	in	r29, 0x3e	; 62
    22d8:	29 97       	sbiw	r28, 0x09	; 9
    22da:	0f b6       	in	r0, 0x3f	; 63
    22dc:	f8 94       	cli
    22de:	de bf       	out	0x3e, r29	; 62
    22e0:	0f be       	out	0x3f, r0	; 63
    22e2:	cd bf       	out	0x3d, r28	; 61
    22e4:	69 83       	std	Y+1, r22	; 0x01
    22e6:	7a 83       	std	Y+2, r23	; 0x02
    22e8:	8b 83       	std	Y+3, r24	; 0x03
    22ea:	9c 83       	std	Y+4, r25	; 0x04
    22ec:	4d 83       	std	Y+5, r20	; 0x05
	switch (Seg.A_u8SegType)
    22ee:	8a 81       	ldd	r24, Y+2	; 0x02
    22f0:	28 2f       	mov	r18, r24
    22f2:	30 e0       	ldi	r19, 0x00	; 0
    22f4:	39 87       	std	Y+9, r19	; 0x09
    22f6:	28 87       	std	Y+8, r18	; 0x08
    22f8:	88 85       	ldd	r24, Y+8	; 0x08
    22fa:	99 85       	ldd	r25, Y+9	; 0x09
    22fc:	00 97       	sbiw	r24, 0x00	; 0
    22fe:	61 f0       	breq	.+24     	; 0x2318 <H7SEG_voidDisplayNumber+0x48>
    2300:	28 85       	ldd	r18, Y+8	; 0x08
    2302:	39 85       	ldd	r19, Y+9	; 0x09
    2304:	21 30       	cpi	r18, 0x01	; 1
    2306:	31 05       	cpc	r19, r1
    2308:	69 f4       	brne	.+26     	; 0x2324 <H7SEG_voidDisplayNumber+0x54>
	{
	case COMM_ANOED :
		MDIO_voidSetPinValue(Seg.A_u8CommPort, Seg.A_u8CommPin, DIO_HIGH) ;
    230a:	8b 81       	ldd	r24, Y+3	; 0x03
    230c:	9c 81       	ldd	r25, Y+4	; 0x04
    230e:	69 2f       	mov	r22, r25
    2310:	41 e0       	ldi	r20, 0x01	; 1
    2312:	0e 94 bd 07 	call	0xf7a	; 0xf7a <MDIO_voidSetPinValue>
    2316:	06 c0       	rjmp	.+12     	; 0x2324 <H7SEG_voidDisplayNumber+0x54>
		break ;
	case COMM_CATH  :
		MDIO_voidSetPinValue(Seg.A_u8CommPort, Seg.A_u8CommPin, DIO_LOW) ;
    2318:	8b 81       	ldd	r24, Y+3	; 0x03
    231a:	9c 81       	ldd	r25, Y+4	; 0x04
    231c:	69 2f       	mov	r22, r25
    231e:	40 e0       	ldi	r20, 0x00	; 0
    2320:	0e 94 bd 07 	call	0xf7a	; 0xf7a <MDIO_voidSetPinValue>
		break ;
	}
	switch (Seg.A_u8SegType)
    2324:	8a 81       	ldd	r24, Y+2	; 0x02
    2326:	28 2f       	mov	r18, r24
    2328:	30 e0       	ldi	r19, 0x00	; 0
    232a:	3f 83       	std	Y+7, r19	; 0x07
    232c:	2e 83       	std	Y+6, r18	; 0x06
    232e:	8e 81       	ldd	r24, Y+6	; 0x06
    2330:	9f 81       	ldd	r25, Y+7	; 0x07
    2332:	00 97       	sbiw	r24, 0x00	; 0
    2334:	a1 f0       	breq	.+40     	; 0x235e <H7SEG_voidDisplayNumber+0x8e>
    2336:	2e 81       	ldd	r18, Y+6	; 0x06
    2338:	3f 81       	ldd	r19, Y+7	; 0x07
    233a:	21 30       	cpi	r18, 0x01	; 1
    233c:	31 05       	cpc	r19, r1
    233e:	d9 f4       	brne	.+54     	; 0x2376 <H7SEG_voidDisplayNumber+0xa6>
	{
	case COMM_ANOED :
		MDIO_voidSetPortValue(Seg.A_u8SegPort, ~GR_u8Numbers [A_u8Number]) ;
    2340:	29 81       	ldd	r18, Y+1	; 0x01
    2342:	8d 81       	ldd	r24, Y+5	; 0x05
    2344:	88 2f       	mov	r24, r24
    2346:	90 e0       	ldi	r25, 0x00	; 0
    2348:	fc 01       	movw	r30, r24
    234a:	e8 59       	subi	r30, 0x98	; 152
    234c:	fe 4f       	sbci	r31, 0xFE	; 254
    234e:	80 81       	ld	r24, Z
    2350:	98 2f       	mov	r25, r24
    2352:	90 95       	com	r25
    2354:	82 2f       	mov	r24, r18
    2356:	69 2f       	mov	r22, r25
    2358:	0e 94 18 0a 	call	0x1430	; 0x1430 <MDIO_voidSetPortValue>
    235c:	0c c0       	rjmp	.+24     	; 0x2376 <H7SEG_voidDisplayNumber+0xa6>
		break ;
	case COMM_CATH  :
		MDIO_voidSetPortValue(Seg.A_u8SegPort, GR_u8Numbers [A_u8Number]) ;
    235e:	29 81       	ldd	r18, Y+1	; 0x01
    2360:	8d 81       	ldd	r24, Y+5	; 0x05
    2362:	88 2f       	mov	r24, r24
    2364:	90 e0       	ldi	r25, 0x00	; 0
    2366:	fc 01       	movw	r30, r24
    2368:	e8 59       	subi	r30, 0x98	; 152
    236a:	fe 4f       	sbci	r31, 0xFE	; 254
    236c:	90 81       	ld	r25, Z
    236e:	82 2f       	mov	r24, r18
    2370:	69 2f       	mov	r22, r25
    2372:	0e 94 18 0a 	call	0x1430	; 0x1430 <MDIO_voidSetPortValue>
		break ;
	}
}
    2376:	29 96       	adiw	r28, 0x09	; 9
    2378:	0f b6       	in	r0, 0x3f	; 63
    237a:	f8 94       	cli
    237c:	de bf       	out	0x3e, r29	; 62
    237e:	0f be       	out	0x3f, r0	; 63
    2380:	cd bf       	out	0x3d, r28	; 61
    2382:	cf 91       	pop	r28
    2384:	df 91       	pop	r29
    2386:	08 95       	ret

00002388 <H7SEG_voidOff>:
void H7SEG_voidOff (Seg_Connections Seg)
{
    2388:	df 93       	push	r29
    238a:	cf 93       	push	r28
    238c:	00 d0       	rcall	.+0      	; 0x238e <H7SEG_voidOff+0x6>
    238e:	00 d0       	rcall	.+0      	; 0x2390 <H7SEG_voidOff+0x8>
    2390:	00 d0       	rcall	.+0      	; 0x2392 <H7SEG_voidOff+0xa>
    2392:	cd b7       	in	r28, 0x3d	; 61
    2394:	de b7       	in	r29, 0x3e	; 62
    2396:	69 83       	std	Y+1, r22	; 0x01
    2398:	7a 83       	std	Y+2, r23	; 0x02
    239a:	8b 83       	std	Y+3, r24	; 0x03
    239c:	9c 83       	std	Y+4, r25	; 0x04
	switch (Seg.A_u8SegType)
    239e:	8a 81       	ldd	r24, Y+2	; 0x02
    23a0:	28 2f       	mov	r18, r24
    23a2:	30 e0       	ldi	r19, 0x00	; 0
    23a4:	3e 83       	std	Y+6, r19	; 0x06
    23a6:	2d 83       	std	Y+5, r18	; 0x05
    23a8:	8d 81       	ldd	r24, Y+5	; 0x05
    23aa:	9e 81       	ldd	r25, Y+6	; 0x06
    23ac:	00 97       	sbiw	r24, 0x00	; 0
    23ae:	61 f0       	breq	.+24     	; 0x23c8 <H7SEG_voidOff+0x40>
    23b0:	2d 81       	ldd	r18, Y+5	; 0x05
    23b2:	3e 81       	ldd	r19, Y+6	; 0x06
    23b4:	21 30       	cpi	r18, 0x01	; 1
    23b6:	31 05       	cpc	r19, r1
    23b8:	69 f4       	brne	.+26     	; 0x23d4 <H7SEG_voidOff+0x4c>
	{
	case COMM_ANOED :
		MDIO_voidSetPinValue(Seg.A_u8CommPort, Seg.A_u8CommPin, DIO_LOW) ;
    23ba:	8b 81       	ldd	r24, Y+3	; 0x03
    23bc:	9c 81       	ldd	r25, Y+4	; 0x04
    23be:	69 2f       	mov	r22, r25
    23c0:	40 e0       	ldi	r20, 0x00	; 0
    23c2:	0e 94 bd 07 	call	0xf7a	; 0xf7a <MDIO_voidSetPinValue>
    23c6:	06 c0       	rjmp	.+12     	; 0x23d4 <H7SEG_voidOff+0x4c>
		break ;
	case COMM_CATH  :
		MDIO_voidSetPinValue(Seg.A_u8CommPort, Seg.A_u8CommPin, DIO_HIGH) ;
    23c8:	8b 81       	ldd	r24, Y+3	; 0x03
    23ca:	9c 81       	ldd	r25, Y+4	; 0x04
    23cc:	69 2f       	mov	r22, r25
    23ce:	41 e0       	ldi	r20, 0x01	; 1
    23d0:	0e 94 bd 07 	call	0xf7a	; 0xf7a <MDIO_voidSetPinValue>
		break ;
	}
}
    23d4:	26 96       	adiw	r28, 0x06	; 6
    23d6:	0f b6       	in	r0, 0x3f	; 63
    23d8:	f8 94       	cli
    23da:	de bf       	out	0x3e, r29	; 62
    23dc:	0f be       	out	0x3f, r0	; 63
    23de:	cd bf       	out	0x3d, r28	; 61
    23e0:	cf 91       	pop	r28
    23e2:	df 91       	pop	r29
    23e4:	08 95       	ret

000023e6 <RTC_voidUpdateTime>:
Seg_Connections SEG6 =
{DIO_PORTD,COMM_CATH,DIO_PORTC,DIO_PIN5};


void RTC_voidUpdateTime(void)
{
    23e6:	df 93       	push	r29
    23e8:	cf 93       	push	r28
    23ea:	cd b7       	in	r28, 0x3d	; 61
    23ec:	de b7       	in	r29, 0x3e	; 62
    G_u8Seconds++;
    23ee:	80 91 8c 01 	lds	r24, 0x018C
    23f2:	8f 5f       	subi	r24, 0xFF	; 255
    23f4:	80 93 8c 01 	sts	0x018C, r24
    if(G_u8Seconds >= 60){
    23f8:	80 91 8c 01 	lds	r24, 0x018C
    23fc:	8c 33       	cpi	r24, 0x3C	; 60
    23fe:	c0 f0       	brcs	.+48     	; 0x2430 <RTC_voidUpdateTime+0x4a>
        G_u8Seconds = 0;
    2400:	10 92 8c 01 	sts	0x018C, r1
        G_u8Minutes++;
    2404:	80 91 8d 01 	lds	r24, 0x018D
    2408:	8f 5f       	subi	r24, 0xFF	; 255
    240a:	80 93 8d 01 	sts	0x018D, r24

        if(G_u8Minutes >= 60)
    240e:	80 91 8d 01 	lds	r24, 0x018D
    2412:	8c 33       	cpi	r24, 0x3C	; 60
    2414:	68 f0       	brcs	.+26     	; 0x2430 <RTC_voidUpdateTime+0x4a>
        {
            G_u8Minutes = 0;
    2416:	10 92 8d 01 	sts	0x018D, r1
            G_u8Hours++;
    241a:	80 91 8e 01 	lds	r24, 0x018E
    241e:	8f 5f       	subi	r24, 0xFF	; 255
    2420:	80 93 8e 01 	sts	0x018E, r24

            if(G_u8Hours >= 24)
    2424:	80 91 8e 01 	lds	r24, 0x018E
    2428:	88 31       	cpi	r24, 0x18	; 24
    242a:	10 f0       	brcs	.+4      	; 0x2430 <RTC_voidUpdateTime+0x4a>
            {
                G_u8Hours = 0;
    242c:	10 92 8e 01 	sts	0x018E, r1
            }
        }
    }
}
    2430:	cf 91       	pop	r28
    2432:	df 91       	pop	r29
    2434:	08 95       	ret

00002436 <main>:

void main(void)
{
    2436:	0f 93       	push	r16
    2438:	1f 93       	push	r17
    243a:	df 93       	push	r29
    243c:	cf 93       	push	r28
    243e:	cd b7       	in	r28, 0x3d	; 61
    2440:	de b7       	in	r29, 0x3e	; 62
    2442:	ca 55       	subi	r28, 0x5A	; 90
    2444:	d0 40       	sbci	r29, 0x00	; 0
    2446:	0f b6       	in	r0, 0x3f	; 63
    2448:	f8 94       	cli
    244a:	de bf       	out	0x3e, r29	; 62
    244c:	0f be       	out	0x3f, r0	; 63
    244e:	cd bf       	out	0x3d, r28	; 61

    u8 L_u8HourTens;
    u8 L_u8HourUnits;


    H7SEG_voidInit(SEG1);
    2450:	80 91 72 01 	lds	r24, 0x0172
    2454:	90 91 73 01 	lds	r25, 0x0173
    2458:	a0 91 74 01 	lds	r26, 0x0174
    245c:	b0 91 75 01 	lds	r27, 0x0175
    2460:	bc 01       	movw	r22, r24
    2462:	cd 01       	movw	r24, r26
    2464:	0e 94 4d 11 	call	0x229a	; 0x229a <H7SEG_voidInit>
    H7SEG_voidInit(SEG2);
    2468:	80 91 76 01 	lds	r24, 0x0176
    246c:	90 91 77 01 	lds	r25, 0x0177
    2470:	a0 91 78 01 	lds	r26, 0x0178
    2474:	b0 91 79 01 	lds	r27, 0x0179
    2478:	bc 01       	movw	r22, r24
    247a:	cd 01       	movw	r24, r26
    247c:	0e 94 4d 11 	call	0x229a	; 0x229a <H7SEG_voidInit>
    H7SEG_voidInit(SEG3);
    2480:	80 91 7a 01 	lds	r24, 0x017A
    2484:	90 91 7b 01 	lds	r25, 0x017B
    2488:	a0 91 7c 01 	lds	r26, 0x017C
    248c:	b0 91 7d 01 	lds	r27, 0x017D
    2490:	bc 01       	movw	r22, r24
    2492:	cd 01       	movw	r24, r26
    2494:	0e 94 4d 11 	call	0x229a	; 0x229a <H7SEG_voidInit>
    H7SEG_voidInit(SEG4);
    2498:	80 91 7e 01 	lds	r24, 0x017E
    249c:	90 91 7f 01 	lds	r25, 0x017F
    24a0:	a0 91 80 01 	lds	r26, 0x0180
    24a4:	b0 91 81 01 	lds	r27, 0x0181
    24a8:	bc 01       	movw	r22, r24
    24aa:	cd 01       	movw	r24, r26
    24ac:	0e 94 4d 11 	call	0x229a	; 0x229a <H7SEG_voidInit>
    H7SEG_voidInit(SEG5);
    24b0:	80 91 82 01 	lds	r24, 0x0182
    24b4:	90 91 83 01 	lds	r25, 0x0183
    24b8:	a0 91 84 01 	lds	r26, 0x0184
    24bc:	b0 91 85 01 	lds	r27, 0x0185
    24c0:	bc 01       	movw	r22, r24
    24c2:	cd 01       	movw	r24, r26
    24c4:	0e 94 4d 11 	call	0x229a	; 0x229a <H7SEG_voidInit>
    H7SEG_voidInit(SEG6);
    24c8:	80 91 86 01 	lds	r24, 0x0186
    24cc:	90 91 87 01 	lds	r25, 0x0187
    24d0:	a0 91 88 01 	lds	r26, 0x0188
    24d4:	b0 91 89 01 	lds	r27, 0x0189
    24d8:	bc 01       	movw	r22, r24
    24da:	cd 01       	movw	r24, r26
    24dc:	0e 94 4d 11 	call	0x229a	; 0x229a <H7SEG_voidInit>


    H7SEG_voidOff(SEG1);
    24e0:	80 91 72 01 	lds	r24, 0x0172
    24e4:	90 91 73 01 	lds	r25, 0x0173
    24e8:	a0 91 74 01 	lds	r26, 0x0174
    24ec:	b0 91 75 01 	lds	r27, 0x0175
    24f0:	bc 01       	movw	r22, r24
    24f2:	cd 01       	movw	r24, r26
    24f4:	0e 94 c4 11 	call	0x2388	; 0x2388 <H7SEG_voidOff>
    H7SEG_voidOff(SEG2);
    24f8:	80 91 76 01 	lds	r24, 0x0176
    24fc:	90 91 77 01 	lds	r25, 0x0177
    2500:	a0 91 78 01 	lds	r26, 0x0178
    2504:	b0 91 79 01 	lds	r27, 0x0179
    2508:	bc 01       	movw	r22, r24
    250a:	cd 01       	movw	r24, r26
    250c:	0e 94 c4 11 	call	0x2388	; 0x2388 <H7SEG_voidOff>
    H7SEG_voidOff(SEG3);
    2510:	80 91 7a 01 	lds	r24, 0x017A
    2514:	90 91 7b 01 	lds	r25, 0x017B
    2518:	a0 91 7c 01 	lds	r26, 0x017C
    251c:	b0 91 7d 01 	lds	r27, 0x017D
    2520:	bc 01       	movw	r22, r24
    2522:	cd 01       	movw	r24, r26
    2524:	0e 94 c4 11 	call	0x2388	; 0x2388 <H7SEG_voidOff>
    H7SEG_voidOff(SEG4);
    2528:	80 91 7e 01 	lds	r24, 0x017E
    252c:	90 91 7f 01 	lds	r25, 0x017F
    2530:	a0 91 80 01 	lds	r26, 0x0180
    2534:	b0 91 81 01 	lds	r27, 0x0181
    2538:	bc 01       	movw	r22, r24
    253a:	cd 01       	movw	r24, r26
    253c:	0e 94 c4 11 	call	0x2388	; 0x2388 <H7SEG_voidOff>
    H7SEG_voidOff(SEG5);
    2540:	80 91 82 01 	lds	r24, 0x0182
    2544:	90 91 83 01 	lds	r25, 0x0183
    2548:	a0 91 84 01 	lds	r26, 0x0184
    254c:	b0 91 85 01 	lds	r27, 0x0185
    2550:	bc 01       	movw	r22, r24
    2552:	cd 01       	movw	r24, r26
    2554:	0e 94 c4 11 	call	0x2388	; 0x2388 <H7SEG_voidOff>
    H7SEG_voidOff(SEG6);
    2558:	80 91 86 01 	lds	r24, 0x0186
    255c:	90 91 87 01 	lds	r25, 0x0187
    2560:	a0 91 88 01 	lds	r26, 0x0188
    2564:	b0 91 89 01 	lds	r27, 0x0189
    2568:	bc 01       	movw	r22, r24
    256a:	cd 01       	movw	r24, r26
    256c:	0e 94 c4 11 	call	0x2388	; 0x2388 <H7SEG_voidOff>

    HPB_voidInit(DIO_PORTB, DIO_PIN0);
    2570:	81 e0       	ldi	r24, 0x01	; 1
    2572:	90 e0       	ldi	r25, 0x00	; 0
    2574:	60 e0       	ldi	r22, 0x00	; 0
    2576:	70 e0       	ldi	r23, 0x00	; 0
    2578:	0e 94 db 0d 	call	0x1bb6	; 0x1bb6 <HPB_voidInit>
    HPB_voidInit(DIO_PORTB, DIO_PIN1);
    257c:	81 e0       	ldi	r24, 0x01	; 1
    257e:	90 e0       	ldi	r25, 0x00	; 0
    2580:	61 e0       	ldi	r22, 0x01	; 1
    2582:	70 e0       	ldi	r23, 0x00	; 0
    2584:	0e 94 db 0d 	call	0x1bb6	; 0x1bb6 <HPB_voidInit>
    HPB_voidInit(DIO_PORTB, DIO_PIN2);
    2588:	81 e0       	ldi	r24, 0x01	; 1
    258a:	90 e0       	ldi	r25, 0x00	; 0
    258c:	62 e0       	ldi	r22, 0x02	; 2
    258e:	70 e0       	ldi	r23, 0x00	; 0
    2590:	0e 94 db 0d 	call	0x1bb6	; 0x1bb6 <HPB_voidInit>
    HPB_voidInit(DIO_PORTB, DIO_PIN3);
    2594:	81 e0       	ldi	r24, 0x01	; 1
    2596:	90 e0       	ldi	r25, 0x00	; 0
    2598:	63 e0       	ldi	r22, 0x03	; 3
    259a:	70 e0       	ldi	r23, 0x00	; 0
    259c:	0e 94 db 0d 	call	0x1bb6	; 0x1bb6 <HPB_voidInit>

    MTimer0_voidInit(TIMER0_PRESCALLER_64, TIMER0_CTC  );
    25a0:	80 e4       	ldi	r24, 0x40	; 64
    25a2:	90 e0       	ldi	r25, 0x00	; 0
    25a4:	63 e0       	ldi	r22, 0x03	; 3
    25a6:	0e 94 e5 0a 	call	0x15ca	; 0x15ca <MTimer0_voidInit>
     MTimer0_voidSetCallback(RTC_voidUpdateTime);
    25aa:	83 ef       	ldi	r24, 0xF3	; 243
    25ac:	91 e1       	ldi	r25, 0x11	; 17
    25ae:	0e 94 c9 0d 	call	0x1b92	; 0x1b92 <MTimer0_voidSetCallback>

    while(1)
    {
        if(HPB_u8GetStatues(DIO_PORTB, DIO_PIN0) == PB_PRESSED)
    25b2:	81 e0       	ldi	r24, 0x01	; 1
    25b4:	90 e0       	ldi	r25, 0x00	; 0
    25b6:	60 e0       	ldi	r22, 0x00	; 0
    25b8:	70 e0       	ldi	r23, 0x00	; 0
    25ba:	0e 94 f8 0d 	call	0x1bf0	; 0x1bf0 <HPB_u8GetStatues>
    25be:	88 23       	and	r24, r24
    25c0:	59 f4       	brne	.+22     	; 0x25d8 <main+0x1a2>
        {
            G_u8Hours++;
    25c2:	80 91 8e 01 	lds	r24, 0x018E
    25c6:	8f 5f       	subi	r24, 0xFF	; 255
    25c8:	80 93 8e 01 	sts	0x018E, r24

            if(G_u8Hours >= 24)
    25cc:	80 91 8e 01 	lds	r24, 0x018E
    25d0:	88 31       	cpi	r24, 0x18	; 24
    25d2:	10 f0       	brcs	.+4      	; 0x25d8 <main+0x1a2>
            {
                G_u8Hours = 0;
    25d4:	10 92 8e 01 	sts	0x018E, r1
            }
        }

        if(HPB_u8GetStatues(DIO_PORTB, DIO_PIN1) == PB_PRESSED)
    25d8:	81 e0       	ldi	r24, 0x01	; 1
    25da:	90 e0       	ldi	r25, 0x00	; 0
    25dc:	61 e0       	ldi	r22, 0x01	; 1
    25de:	70 e0       	ldi	r23, 0x00	; 0
    25e0:	0e 94 f8 0d 	call	0x1bf0	; 0x1bf0 <HPB_u8GetStatues>
    25e4:	88 23       	and	r24, r24
    25e6:	69 f4       	brne	.+26     	; 0x2602 <main+0x1cc>
        {
            if(G_u8Hours == 0)
    25e8:	80 91 8e 01 	lds	r24, 0x018E
    25ec:	88 23       	and	r24, r24
    25ee:	21 f4       	brne	.+8      	; 0x25f8 <main+0x1c2>
            {
                G_u8Hours = 23;
    25f0:	87 e1       	ldi	r24, 0x17	; 23
    25f2:	80 93 8e 01 	sts	0x018E, r24
    25f6:	05 c0       	rjmp	.+10     	; 0x2602 <main+0x1cc>
            }
            else
            {
                G_u8Hours--;
    25f8:	80 91 8e 01 	lds	r24, 0x018E
    25fc:	81 50       	subi	r24, 0x01	; 1
    25fe:	80 93 8e 01 	sts	0x018E, r24
            }
        }
        if(HPB_u8GetStatues(DIO_PORTB, DIO_PIN2) == PB_PRESSED)
    2602:	81 e0       	ldi	r24, 0x01	; 1
    2604:	90 e0       	ldi	r25, 0x00	; 0
    2606:	62 e0       	ldi	r22, 0x02	; 2
    2608:	70 e0       	ldi	r23, 0x00	; 0
    260a:	0e 94 f8 0d 	call	0x1bf0	; 0x1bf0 <HPB_u8GetStatues>
    260e:	88 23       	and	r24, r24
    2610:	59 f4       	brne	.+22     	; 0x2628 <main+0x1f2>
        {
            G_u8Minutes++;
    2612:	80 91 8d 01 	lds	r24, 0x018D
    2616:	8f 5f       	subi	r24, 0xFF	; 255
    2618:	80 93 8d 01 	sts	0x018D, r24

            if(G_u8Minutes >= 60)
    261c:	80 91 8d 01 	lds	r24, 0x018D
    2620:	8c 33       	cpi	r24, 0x3C	; 60
    2622:	10 f0       	brcs	.+4      	; 0x2628 <main+0x1f2>
            {
                G_u8Minutes = 0;
    2624:	10 92 8d 01 	sts	0x018D, r1
            }
        }

        if(HPB_u8GetStatues(DIO_PORTB, DIO_PIN3) == PB_PRESSED)
    2628:	81 e0       	ldi	r24, 0x01	; 1
    262a:	90 e0       	ldi	r25, 0x00	; 0
    262c:	63 e0       	ldi	r22, 0x03	; 3
    262e:	70 e0       	ldi	r23, 0x00	; 0
    2630:	0e 94 f8 0d 	call	0x1bf0	; 0x1bf0 <HPB_u8GetStatues>
    2634:	88 23       	and	r24, r24
    2636:	69 f4       	brne	.+26     	; 0x2652 <main+0x21c>
        {
            if(G_u8Minutes == 0)
    2638:	80 91 8d 01 	lds	r24, 0x018D
    263c:	88 23       	and	r24, r24
    263e:	21 f4       	brne	.+8      	; 0x2648 <main+0x212>
            {
                G_u8Minutes = 59;
    2640:	8b e3       	ldi	r24, 0x3B	; 59
    2642:	80 93 8d 01 	sts	0x018D, r24
    2646:	05 c0       	rjmp	.+10     	; 0x2652 <main+0x21c>
            }
            else
            {
                G_u8Minutes--;
    2648:	80 91 8d 01 	lds	r24, 0x018D
    264c:	81 50       	subi	r24, 0x01	; 1
    264e:	80 93 8d 01 	sts	0x018D, r24
            }
        }

        L_u8SecTens   = G_u8Seconds / 10;
    2652:	80 91 8c 01 	lds	r24, 0x018C
    2656:	fe 01       	movw	r30, r28
    2658:	e6 5a       	subi	r30, 0xA6	; 166
    265a:	ff 4f       	sbci	r31, 0xFF	; 255
    265c:	9a e0       	ldi	r25, 0x0A	; 10
    265e:	69 2f       	mov	r22, r25
    2660:	0e 94 4d 17 	call	0x2e9a	; 0x2e9a <__udivmodqi4>
    2664:	80 83       	st	Z, r24
        L_u8SecUnits  = G_u8Seconds % 10;
    2666:	80 91 8c 01 	lds	r24, 0x018C
    266a:	fe 01       	movw	r30, r28
    266c:	e7 5a       	subi	r30, 0xA7	; 167
    266e:	ff 4f       	sbci	r31, 0xFF	; 255
    2670:	9a e0       	ldi	r25, 0x0A	; 10
    2672:	69 2f       	mov	r22, r25
    2674:	0e 94 4d 17 	call	0x2e9a	; 0x2e9a <__udivmodqi4>
    2678:	89 2f       	mov	r24, r25
    267a:	80 83       	st	Z, r24

        L_u8MinTens   = G_u8Minutes / 10;
    267c:	80 91 8d 01 	lds	r24, 0x018D
    2680:	fe 01       	movw	r30, r28
    2682:	e8 5a       	subi	r30, 0xA8	; 168
    2684:	ff 4f       	sbci	r31, 0xFF	; 255
    2686:	9a e0       	ldi	r25, 0x0A	; 10
    2688:	69 2f       	mov	r22, r25
    268a:	0e 94 4d 17 	call	0x2e9a	; 0x2e9a <__udivmodqi4>
    268e:	80 83       	st	Z, r24
        L_u8MinUnits  = G_u8Minutes % 10;
    2690:	80 91 8d 01 	lds	r24, 0x018D
    2694:	fe 01       	movw	r30, r28
    2696:	e9 5a       	subi	r30, 0xA9	; 169
    2698:	ff 4f       	sbci	r31, 0xFF	; 255
    269a:	9a e0       	ldi	r25, 0x0A	; 10
    269c:	69 2f       	mov	r22, r25
    269e:	0e 94 4d 17 	call	0x2e9a	; 0x2e9a <__udivmodqi4>
    26a2:	89 2f       	mov	r24, r25
    26a4:	80 83       	st	Z, r24

        L_u8HourTens  = G_u8Hours / 10;
    26a6:	80 91 8e 01 	lds	r24, 0x018E
    26aa:	fe 01       	movw	r30, r28
    26ac:	ea 5a       	subi	r30, 0xAA	; 170
    26ae:	ff 4f       	sbci	r31, 0xFF	; 255
    26b0:	9a e0       	ldi	r25, 0x0A	; 10
    26b2:	69 2f       	mov	r22, r25
    26b4:	0e 94 4d 17 	call	0x2e9a	; 0x2e9a <__udivmodqi4>
    26b8:	80 83       	st	Z, r24
        L_u8HourUnits = G_u8Hours % 10;
    26ba:	80 91 8e 01 	lds	r24, 0x018E
    26be:	fe 01       	movw	r30, r28
    26c0:	eb 5a       	subi	r30, 0xAB	; 171
    26c2:	ff 4f       	sbci	r31, 0xFF	; 255
    26c4:	9a e0       	ldi	r25, 0x0A	; 10
    26c6:	69 2f       	mov	r22, r25
    26c8:	0e 94 4d 17 	call	0x2e9a	; 0x2e9a <__udivmodqi4>
    26cc:	89 2f       	mov	r24, r25
    26ce:	80 83       	st	Z, r24

        H7SEG_voidOff(SEG1);
    26d0:	80 91 72 01 	lds	r24, 0x0172
    26d4:	90 91 73 01 	lds	r25, 0x0173
    26d8:	a0 91 74 01 	lds	r26, 0x0174
    26dc:	b0 91 75 01 	lds	r27, 0x0175
    26e0:	bc 01       	movw	r22, r24
    26e2:	cd 01       	movw	r24, r26
    26e4:	0e 94 c4 11 	call	0x2388	; 0x2388 <H7SEG_voidOff>
        H7SEG_voidOff(SEG2);
    26e8:	80 91 76 01 	lds	r24, 0x0176
    26ec:	90 91 77 01 	lds	r25, 0x0177
    26f0:	a0 91 78 01 	lds	r26, 0x0178
    26f4:	b0 91 79 01 	lds	r27, 0x0179
    26f8:	bc 01       	movw	r22, r24
    26fa:	cd 01       	movw	r24, r26
    26fc:	0e 94 c4 11 	call	0x2388	; 0x2388 <H7SEG_voidOff>
        H7SEG_voidOff(SEG3);
    2700:	80 91 7a 01 	lds	r24, 0x017A
    2704:	90 91 7b 01 	lds	r25, 0x017B
    2708:	a0 91 7c 01 	lds	r26, 0x017C
    270c:	b0 91 7d 01 	lds	r27, 0x017D
    2710:	bc 01       	movw	r22, r24
    2712:	cd 01       	movw	r24, r26
    2714:	0e 94 c4 11 	call	0x2388	; 0x2388 <H7SEG_voidOff>
        H7SEG_voidOff(SEG4);
    2718:	80 91 7e 01 	lds	r24, 0x017E
    271c:	90 91 7f 01 	lds	r25, 0x017F
    2720:	a0 91 80 01 	lds	r26, 0x0180
    2724:	b0 91 81 01 	lds	r27, 0x0181
    2728:	bc 01       	movw	r22, r24
    272a:	cd 01       	movw	r24, r26
    272c:	0e 94 c4 11 	call	0x2388	; 0x2388 <H7SEG_voidOff>
        H7SEG_voidOff(SEG5);
    2730:	80 91 82 01 	lds	r24, 0x0182
    2734:	90 91 83 01 	lds	r25, 0x0183
    2738:	a0 91 84 01 	lds	r26, 0x0184
    273c:	b0 91 85 01 	lds	r27, 0x0185
    2740:	bc 01       	movw	r22, r24
    2742:	cd 01       	movw	r24, r26
    2744:	0e 94 c4 11 	call	0x2388	; 0x2388 <H7SEG_voidOff>
        H7SEG_voidOff(SEG6);
    2748:	80 91 86 01 	lds	r24, 0x0186
    274c:	90 91 87 01 	lds	r25, 0x0187
    2750:	a0 91 88 01 	lds	r26, 0x0188
    2754:	b0 91 89 01 	lds	r27, 0x0189
    2758:	bc 01       	movw	r22, r24
    275a:	cd 01       	movw	r24, r26
    275c:	0e 94 c4 11 	call	0x2388	; 0x2388 <H7SEG_voidOff>

        H7SEG_voidDisplayNumber(SEG5, L_u8HourTens);
    2760:	80 91 82 01 	lds	r24, 0x0182
    2764:	90 91 83 01 	lds	r25, 0x0183
    2768:	a0 91 84 01 	lds	r26, 0x0184
    276c:	b0 91 85 01 	lds	r27, 0x0185
    2770:	fe 01       	movw	r30, r28
    2772:	ea 5a       	subi	r30, 0xAA	; 170
    2774:	ff 4f       	sbci	r31, 0xFF	; 255
    2776:	bc 01       	movw	r22, r24
    2778:	cd 01       	movw	r24, r26
    277a:	40 81       	ld	r20, Z
    277c:	0e 94 68 11 	call	0x22d0	; 0x22d0 <H7SEG_voidDisplayNumber>
    2780:	fe 01       	movw	r30, r28
    2782:	ef 5a       	subi	r30, 0xAF	; 175
    2784:	ff 4f       	sbci	r31, 0xFF	; 255
    2786:	80 e0       	ldi	r24, 0x00	; 0
    2788:	90 e0       	ldi	r25, 0x00	; 0
    278a:	a0 e4       	ldi	r26, 0x40	; 64
    278c:	b0 e4       	ldi	r27, 0x40	; 64
    278e:	80 83       	st	Z, r24
    2790:	91 83       	std	Z+1, r25	; 0x01
    2792:	a2 83       	std	Z+2, r26	; 0x02
    2794:	b3 83       	std	Z+3, r27	; 0x03
 */
void
_delay_ms(double __ms)
{
	uint16_t __ticks;
	double __tmp = ((F_CPU) / 4e3) * __ms;
    2796:	8e 01       	movw	r16, r28
    2798:	03 5b       	subi	r16, 0xB3	; 179
    279a:	1f 4f       	sbci	r17, 0xFF	; 255
    279c:	fe 01       	movw	r30, r28
    279e:	ef 5a       	subi	r30, 0xAF	; 175
    27a0:	ff 4f       	sbci	r31, 0xFF	; 255
    27a2:	60 81       	ld	r22, Z
    27a4:	71 81       	ldd	r23, Z+1	; 0x01
    27a6:	82 81       	ldd	r24, Z+2	; 0x02
    27a8:	93 81       	ldd	r25, Z+3	; 0x03
    27aa:	20 e0       	ldi	r18, 0x00	; 0
    27ac:	30 e0       	ldi	r19, 0x00	; 0
    27ae:	4a e7       	ldi	r20, 0x7A	; 122
    27b0:	53 e4       	ldi	r21, 0x43	; 67
    27b2:	0e 94 1f 02 	call	0x43e	; 0x43e <__mulsf3>
    27b6:	dc 01       	movw	r26, r24
    27b8:	cb 01       	movw	r24, r22
    27ba:	f8 01       	movw	r30, r16
    27bc:	80 83       	st	Z, r24
    27be:	91 83       	std	Z+1, r25	; 0x01
    27c0:	a2 83       	std	Z+2, r26	; 0x02
    27c2:	b3 83       	std	Z+3, r27	; 0x03
	if (__tmp < 1.0)
    27c4:	fe 01       	movw	r30, r28
    27c6:	e3 5b       	subi	r30, 0xB3	; 179
    27c8:	ff 4f       	sbci	r31, 0xFF	; 255
    27ca:	60 81       	ld	r22, Z
    27cc:	71 81       	ldd	r23, Z+1	; 0x01
    27ce:	82 81       	ldd	r24, Z+2	; 0x02
    27d0:	93 81       	ldd	r25, Z+3	; 0x03
    27d2:	20 e0       	ldi	r18, 0x00	; 0
    27d4:	30 e0       	ldi	r19, 0x00	; 0
    27d6:	40 e8       	ldi	r20, 0x80	; 128
    27d8:	5f e3       	ldi	r21, 0x3F	; 63
    27da:	0e 94 d9 03 	call	0x7b2	; 0x7b2 <__ltsf2>
    27de:	88 23       	and	r24, r24
    27e0:	44 f4       	brge	.+16     	; 0x27f2 <main+0x3bc>
		__ticks = 1;
    27e2:	fe 01       	movw	r30, r28
    27e4:	e5 5b       	subi	r30, 0xB5	; 181
    27e6:	ff 4f       	sbci	r31, 0xFF	; 255
    27e8:	81 e0       	ldi	r24, 0x01	; 1
    27ea:	90 e0       	ldi	r25, 0x00	; 0
    27ec:	91 83       	std	Z+1, r25	; 0x01
    27ee:	80 83       	st	Z, r24
    27f0:	64 c0       	rjmp	.+200    	; 0x28ba <main+0x484>
	else if (__tmp > 65535)
    27f2:	fe 01       	movw	r30, r28
    27f4:	e3 5b       	subi	r30, 0xB3	; 179
    27f6:	ff 4f       	sbci	r31, 0xFF	; 255
    27f8:	60 81       	ld	r22, Z
    27fa:	71 81       	ldd	r23, Z+1	; 0x01
    27fc:	82 81       	ldd	r24, Z+2	; 0x02
    27fe:	93 81       	ldd	r25, Z+3	; 0x03
    2800:	20 e0       	ldi	r18, 0x00	; 0
    2802:	3f ef       	ldi	r19, 0xFF	; 255
    2804:	4f e7       	ldi	r20, 0x7F	; 127
    2806:	57 e4       	ldi	r21, 0x47	; 71
    2808:	0e 94 79 03 	call	0x6f2	; 0x6f2 <__gtsf2>
    280c:	18 16       	cp	r1, r24
    280e:	0c f0       	brlt	.+2      	; 0x2812 <main+0x3dc>
    2810:	43 c0       	rjmp	.+134    	; 0x2898 <main+0x462>
	{
		//	__ticks = requested delay in 1/10 ms
		__ticks = (uint16_t) (__ms * 10.0);
    2812:	fe 01       	movw	r30, r28
    2814:	ef 5a       	subi	r30, 0xAF	; 175
    2816:	ff 4f       	sbci	r31, 0xFF	; 255
    2818:	60 81       	ld	r22, Z
    281a:	71 81       	ldd	r23, Z+1	; 0x01
    281c:	82 81       	ldd	r24, Z+2	; 0x02
    281e:	93 81       	ldd	r25, Z+3	; 0x03
    2820:	20 e0       	ldi	r18, 0x00	; 0
    2822:	30 e0       	ldi	r19, 0x00	; 0
    2824:	40 e2       	ldi	r20, 0x20	; 32
    2826:	51 e4       	ldi	r21, 0x41	; 65
    2828:	0e 94 1f 02 	call	0x43e	; 0x43e <__mulsf3>
    282c:	dc 01       	movw	r26, r24
    282e:	cb 01       	movw	r24, r22
    2830:	8e 01       	movw	r16, r28
    2832:	05 5b       	subi	r16, 0xB5	; 181
    2834:	1f 4f       	sbci	r17, 0xFF	; 255
    2836:	bc 01       	movw	r22, r24
    2838:	cd 01       	movw	r24, r26
    283a:	0e 94 49 00 	call	0x92	; 0x92 <__fixunssfsi>
    283e:	dc 01       	movw	r26, r24
    2840:	cb 01       	movw	r24, r22
    2842:	f8 01       	movw	r30, r16
    2844:	91 83       	std	Z+1, r25	; 0x01
    2846:	80 83       	st	Z, r24
    2848:	1f c0       	rjmp	.+62     	; 0x2888 <main+0x452>
    284a:	fe 01       	movw	r30, r28
    284c:	e7 5b       	subi	r30, 0xB7	; 183
    284e:	ff 4f       	sbci	r31, 0xFF	; 255
    2850:	89 e1       	ldi	r24, 0x19	; 25
    2852:	90 e0       	ldi	r25, 0x00	; 0
    2854:	91 83       	std	Z+1, r25	; 0x01
    2856:	80 83       	st	Z, r24
    2858:	fe 01       	movw	r30, r28
    285a:	e7 5b       	subi	r30, 0xB7	; 183
    285c:	ff 4f       	sbci	r31, 0xFF	; 255
    285e:	80 81       	ld	r24, Z
    2860:	91 81       	ldd	r25, Z+1	; 0x01
    2862:	01 97       	sbiw	r24, 0x01	; 1
    2864:	f1 f7       	brne	.-4      	; 0x2862 <main+0x42c>
    2866:	fe 01       	movw	r30, r28
    2868:	e7 5b       	subi	r30, 0xB7	; 183
    286a:	ff 4f       	sbci	r31, 0xFF	; 255
    286c:	91 83       	std	Z+1, r25	; 0x01
    286e:	80 83       	st	Z, r24
		while(__ticks)
		{
			// wait 1/10 ms
			_delay_loop_2(((F_CPU) / 4e3) / 10);
			__ticks --;
    2870:	de 01       	movw	r26, r28
    2872:	a5 5b       	subi	r26, 0xB5	; 181
    2874:	bf 4f       	sbci	r27, 0xFF	; 255
    2876:	fe 01       	movw	r30, r28
    2878:	e5 5b       	subi	r30, 0xB5	; 181
    287a:	ff 4f       	sbci	r31, 0xFF	; 255
    287c:	80 81       	ld	r24, Z
    287e:	91 81       	ldd	r25, Z+1	; 0x01
    2880:	01 97       	sbiw	r24, 0x01	; 1
    2882:	11 96       	adiw	r26, 0x01	; 1
    2884:	9c 93       	st	X, r25
    2886:	8e 93       	st	-X, r24
		__ticks = 1;
	else if (__tmp > 65535)
	{
		//	__ticks = requested delay in 1/10 ms
		__ticks = (uint16_t) (__ms * 10.0);
		while(__ticks)
    2888:	fe 01       	movw	r30, r28
    288a:	e5 5b       	subi	r30, 0xB5	; 181
    288c:	ff 4f       	sbci	r31, 0xFF	; 255
    288e:	80 81       	ld	r24, Z
    2890:	91 81       	ldd	r25, Z+1	; 0x01
    2892:	00 97       	sbiw	r24, 0x00	; 0
    2894:	d1 f6       	brne	.-76     	; 0x284a <main+0x414>
    2896:	27 c0       	rjmp	.+78     	; 0x28e6 <main+0x4b0>
			__ticks --;
		}
		return;
	}
	else
		__ticks = (uint16_t)__tmp;
    2898:	8e 01       	movw	r16, r28
    289a:	05 5b       	subi	r16, 0xB5	; 181
    289c:	1f 4f       	sbci	r17, 0xFF	; 255
    289e:	fe 01       	movw	r30, r28
    28a0:	e3 5b       	subi	r30, 0xB3	; 179
    28a2:	ff 4f       	sbci	r31, 0xFF	; 255
    28a4:	60 81       	ld	r22, Z
    28a6:	71 81       	ldd	r23, Z+1	; 0x01
    28a8:	82 81       	ldd	r24, Z+2	; 0x02
    28aa:	93 81       	ldd	r25, Z+3	; 0x03
    28ac:	0e 94 49 00 	call	0x92	; 0x92 <__fixunssfsi>
    28b0:	dc 01       	movw	r26, r24
    28b2:	cb 01       	movw	r24, r22
    28b4:	f8 01       	movw	r30, r16
    28b6:	91 83       	std	Z+1, r25	; 0x01
    28b8:	80 83       	st	Z, r24
    28ba:	de 01       	movw	r26, r28
    28bc:	a9 5b       	subi	r26, 0xB9	; 185
    28be:	bf 4f       	sbci	r27, 0xFF	; 255
    28c0:	fe 01       	movw	r30, r28
    28c2:	e5 5b       	subi	r30, 0xB5	; 181
    28c4:	ff 4f       	sbci	r31, 0xFF	; 255
    28c6:	80 81       	ld	r24, Z
    28c8:	91 81       	ldd	r25, Z+1	; 0x01
    28ca:	8d 93       	st	X+, r24
    28cc:	9c 93       	st	X, r25
    28ce:	fe 01       	movw	r30, r28
    28d0:	e9 5b       	subi	r30, 0xB9	; 185
    28d2:	ff 4f       	sbci	r31, 0xFF	; 255
    28d4:	80 81       	ld	r24, Z
    28d6:	91 81       	ldd	r25, Z+1	; 0x01
    28d8:	01 97       	sbiw	r24, 0x01	; 1
    28da:	f1 f7       	brne	.-4      	; 0x28d8 <main+0x4a2>
    28dc:	fe 01       	movw	r30, r28
    28de:	e9 5b       	subi	r30, 0xB9	; 185
    28e0:	ff 4f       	sbci	r31, 0xFF	; 255
    28e2:	91 83       	std	Z+1, r25	; 0x01
    28e4:	80 83       	st	Z, r24

        _delay_ms(3);

        H7SEG_voidOff(SEG5);
    28e6:	80 91 82 01 	lds	r24, 0x0182
    28ea:	90 91 83 01 	lds	r25, 0x0183
    28ee:	a0 91 84 01 	lds	r26, 0x0184
    28f2:	b0 91 85 01 	lds	r27, 0x0185
    28f6:	bc 01       	movw	r22, r24
    28f8:	cd 01       	movw	r24, r26
    28fa:	0e 94 c4 11 	call	0x2388	; 0x2388 <H7SEG_voidOff>

        H7SEG_voidDisplayNumber(SEG6, L_u8HourUnits);
    28fe:	80 91 86 01 	lds	r24, 0x0186
    2902:	90 91 87 01 	lds	r25, 0x0187
    2906:	a0 91 88 01 	lds	r26, 0x0188
    290a:	b0 91 89 01 	lds	r27, 0x0189
    290e:	fe 01       	movw	r30, r28
    2910:	eb 5a       	subi	r30, 0xAB	; 171
    2912:	ff 4f       	sbci	r31, 0xFF	; 255
    2914:	bc 01       	movw	r22, r24
    2916:	cd 01       	movw	r24, r26
    2918:	40 81       	ld	r20, Z
    291a:	0e 94 68 11 	call	0x22d0	; 0x22d0 <H7SEG_voidDisplayNumber>
    291e:	fe 01       	movw	r30, r28
    2920:	ed 5b       	subi	r30, 0xBD	; 189
    2922:	ff 4f       	sbci	r31, 0xFF	; 255
    2924:	80 e0       	ldi	r24, 0x00	; 0
    2926:	90 e0       	ldi	r25, 0x00	; 0
    2928:	a0 e4       	ldi	r26, 0x40	; 64
    292a:	b0 e4       	ldi	r27, 0x40	; 64
    292c:	80 83       	st	Z, r24
    292e:	91 83       	std	Z+1, r25	; 0x01
    2930:	a2 83       	std	Z+2, r26	; 0x02
    2932:	b3 83       	std	Z+3, r27	; 0x03
 */
void
_delay_ms(double __ms)
{
	uint16_t __ticks;
	double __tmp = ((F_CPU) / 4e3) * __ms;
    2934:	8e 01       	movw	r16, r28
    2936:	01 5c       	subi	r16, 0xC1	; 193
    2938:	1f 4f       	sbci	r17, 0xFF	; 255
    293a:	fe 01       	movw	r30, r28
    293c:	ed 5b       	subi	r30, 0xBD	; 189
    293e:	ff 4f       	sbci	r31, 0xFF	; 255
    2940:	60 81       	ld	r22, Z
    2942:	71 81       	ldd	r23, Z+1	; 0x01
    2944:	82 81       	ldd	r24, Z+2	; 0x02
    2946:	93 81       	ldd	r25, Z+3	; 0x03
    2948:	20 e0       	ldi	r18, 0x00	; 0
    294a:	30 e0       	ldi	r19, 0x00	; 0
    294c:	4a e7       	ldi	r20, 0x7A	; 122
    294e:	53 e4       	ldi	r21, 0x43	; 67
    2950:	0e 94 1f 02 	call	0x43e	; 0x43e <__mulsf3>
    2954:	dc 01       	movw	r26, r24
    2956:	cb 01       	movw	r24, r22
    2958:	f8 01       	movw	r30, r16
    295a:	80 83       	st	Z, r24
    295c:	91 83       	std	Z+1, r25	; 0x01
    295e:	a2 83       	std	Z+2, r26	; 0x02
    2960:	b3 83       	std	Z+3, r27	; 0x03
	if (__tmp < 1.0)
    2962:	fe 01       	movw	r30, r28
    2964:	ff 96       	adiw	r30, 0x3f	; 63
    2966:	60 81       	ld	r22, Z
    2968:	71 81       	ldd	r23, Z+1	; 0x01
    296a:	82 81       	ldd	r24, Z+2	; 0x02
    296c:	93 81       	ldd	r25, Z+3	; 0x03
    296e:	20 e0       	ldi	r18, 0x00	; 0
    2970:	30 e0       	ldi	r19, 0x00	; 0
    2972:	40 e8       	ldi	r20, 0x80	; 128
    2974:	5f e3       	ldi	r21, 0x3F	; 63
    2976:	0e 94 d9 03 	call	0x7b2	; 0x7b2 <__ltsf2>
    297a:	88 23       	and	r24, r24
    297c:	2c f4       	brge	.+10     	; 0x2988 <main+0x552>
		__ticks = 1;
    297e:	81 e0       	ldi	r24, 0x01	; 1
    2980:	90 e0       	ldi	r25, 0x00	; 0
    2982:	9e af       	std	Y+62, r25	; 0x3e
    2984:	8d af       	std	Y+61, r24	; 0x3d
    2986:	46 c0       	rjmp	.+140    	; 0x2a14 <main+0x5de>
	else if (__tmp > 65535)
    2988:	fe 01       	movw	r30, r28
    298a:	ff 96       	adiw	r30, 0x3f	; 63
    298c:	60 81       	ld	r22, Z
    298e:	71 81       	ldd	r23, Z+1	; 0x01
    2990:	82 81       	ldd	r24, Z+2	; 0x02
    2992:	93 81       	ldd	r25, Z+3	; 0x03
    2994:	20 e0       	ldi	r18, 0x00	; 0
    2996:	3f ef       	ldi	r19, 0xFF	; 255
    2998:	4f e7       	ldi	r20, 0x7F	; 127
    299a:	57 e4       	ldi	r21, 0x47	; 71
    299c:	0e 94 79 03 	call	0x6f2	; 0x6f2 <__gtsf2>
    29a0:	18 16       	cp	r1, r24
    29a2:	64 f5       	brge	.+88     	; 0x29fc <main+0x5c6>
	{
		//	__ticks = requested delay in 1/10 ms
		__ticks = (uint16_t) (__ms * 10.0);
    29a4:	fe 01       	movw	r30, r28
    29a6:	ed 5b       	subi	r30, 0xBD	; 189
    29a8:	ff 4f       	sbci	r31, 0xFF	; 255
    29aa:	60 81       	ld	r22, Z
    29ac:	71 81       	ldd	r23, Z+1	; 0x01
    29ae:	82 81       	ldd	r24, Z+2	; 0x02
    29b0:	93 81       	ldd	r25, Z+3	; 0x03
    29b2:	20 e0       	ldi	r18, 0x00	; 0
    29b4:	30 e0       	ldi	r19, 0x00	; 0
    29b6:	40 e2       	ldi	r20, 0x20	; 32
    29b8:	51 e4       	ldi	r21, 0x41	; 65
    29ba:	0e 94 1f 02 	call	0x43e	; 0x43e <__mulsf3>
    29be:	dc 01       	movw	r26, r24
    29c0:	cb 01       	movw	r24, r22
    29c2:	bc 01       	movw	r22, r24
    29c4:	cd 01       	movw	r24, r26
    29c6:	0e 94 49 00 	call	0x92	; 0x92 <__fixunssfsi>
    29ca:	dc 01       	movw	r26, r24
    29cc:	cb 01       	movw	r24, r22
    29ce:	9e af       	std	Y+62, r25	; 0x3e
    29d0:	8d af       	std	Y+61, r24	; 0x3d
    29d2:	0f c0       	rjmp	.+30     	; 0x29f2 <main+0x5bc>
    29d4:	89 e1       	ldi	r24, 0x19	; 25
    29d6:	90 e0       	ldi	r25, 0x00	; 0
    29d8:	9c af       	std	Y+60, r25	; 0x3c
    29da:	8b af       	std	Y+59, r24	; 0x3b
    29dc:	8b ad       	ldd	r24, Y+59	; 0x3b
    29de:	9c ad       	ldd	r25, Y+60	; 0x3c
    29e0:	01 97       	sbiw	r24, 0x01	; 1
    29e2:	f1 f7       	brne	.-4      	; 0x29e0 <main+0x5aa>
    29e4:	9c af       	std	Y+60, r25	; 0x3c
    29e6:	8b af       	std	Y+59, r24	; 0x3b
		while(__ticks)
		{
			// wait 1/10 ms
			_delay_loop_2(((F_CPU) / 4e3) / 10);
			__ticks --;
    29e8:	8d ad       	ldd	r24, Y+61	; 0x3d
    29ea:	9e ad       	ldd	r25, Y+62	; 0x3e
    29ec:	01 97       	sbiw	r24, 0x01	; 1
    29ee:	9e af       	std	Y+62, r25	; 0x3e
    29f0:	8d af       	std	Y+61, r24	; 0x3d
		__ticks = 1;
	else if (__tmp > 65535)
	{
		//	__ticks = requested delay in 1/10 ms
		__ticks = (uint16_t) (__ms * 10.0);
		while(__ticks)
    29f2:	8d ad       	ldd	r24, Y+61	; 0x3d
    29f4:	9e ad       	ldd	r25, Y+62	; 0x3e
    29f6:	00 97       	sbiw	r24, 0x00	; 0
    29f8:	69 f7       	brne	.-38     	; 0x29d4 <main+0x59e>
    29fa:	16 c0       	rjmp	.+44     	; 0x2a28 <main+0x5f2>
			__ticks --;
		}
		return;
	}
	else
		__ticks = (uint16_t)__tmp;
    29fc:	fe 01       	movw	r30, r28
    29fe:	ff 96       	adiw	r30, 0x3f	; 63
    2a00:	60 81       	ld	r22, Z
    2a02:	71 81       	ldd	r23, Z+1	; 0x01
    2a04:	82 81       	ldd	r24, Z+2	; 0x02
    2a06:	93 81       	ldd	r25, Z+3	; 0x03
    2a08:	0e 94 49 00 	call	0x92	; 0x92 <__fixunssfsi>
    2a0c:	dc 01       	movw	r26, r24
    2a0e:	cb 01       	movw	r24, r22
    2a10:	9e af       	std	Y+62, r25	; 0x3e
    2a12:	8d af       	std	Y+61, r24	; 0x3d
    2a14:	8d ad       	ldd	r24, Y+61	; 0x3d
    2a16:	9e ad       	ldd	r25, Y+62	; 0x3e
    2a18:	9a af       	std	Y+58, r25	; 0x3a
    2a1a:	89 af       	std	Y+57, r24	; 0x39
    2a1c:	89 ad       	ldd	r24, Y+57	; 0x39
    2a1e:	9a ad       	ldd	r25, Y+58	; 0x3a
    2a20:	01 97       	sbiw	r24, 0x01	; 1
    2a22:	f1 f7       	brne	.-4      	; 0x2a20 <main+0x5ea>
    2a24:	9a af       	std	Y+58, r25	; 0x3a
    2a26:	89 af       	std	Y+57, r24	; 0x39

        _delay_ms(3);

        H7SEG_voidOff(SEG6);
    2a28:	80 91 86 01 	lds	r24, 0x0186
    2a2c:	90 91 87 01 	lds	r25, 0x0187
    2a30:	a0 91 88 01 	lds	r26, 0x0188
    2a34:	b0 91 89 01 	lds	r27, 0x0189
    2a38:	bc 01       	movw	r22, r24
    2a3a:	cd 01       	movw	r24, r26
    2a3c:	0e 94 c4 11 	call	0x2388	; 0x2388 <H7SEG_voidOff>

        H7SEG_voidDisplayNumber(SEG3, L_u8MinTens);
    2a40:	80 91 7a 01 	lds	r24, 0x017A
    2a44:	90 91 7b 01 	lds	r25, 0x017B
    2a48:	a0 91 7c 01 	lds	r26, 0x017C
    2a4c:	b0 91 7d 01 	lds	r27, 0x017D
    2a50:	fe 01       	movw	r30, r28
    2a52:	e8 5a       	subi	r30, 0xA8	; 168
    2a54:	ff 4f       	sbci	r31, 0xFF	; 255
    2a56:	bc 01       	movw	r22, r24
    2a58:	cd 01       	movw	r24, r26
    2a5a:	40 81       	ld	r20, Z
    2a5c:	0e 94 68 11 	call	0x22d0	; 0x22d0 <H7SEG_voidDisplayNumber>
    2a60:	80 e0       	ldi	r24, 0x00	; 0
    2a62:	90 e0       	ldi	r25, 0x00	; 0
    2a64:	a0 e4       	ldi	r26, 0x40	; 64
    2a66:	b0 e4       	ldi	r27, 0x40	; 64
    2a68:	8d ab       	std	Y+53, r24	; 0x35
    2a6a:	9e ab       	std	Y+54, r25	; 0x36
    2a6c:	af ab       	std	Y+55, r26	; 0x37
    2a6e:	b8 af       	std	Y+56, r27	; 0x38
 */
void
_delay_ms(double __ms)
{
	uint16_t __ticks;
	double __tmp = ((F_CPU) / 4e3) * __ms;
    2a70:	6d a9       	ldd	r22, Y+53	; 0x35
    2a72:	7e a9       	ldd	r23, Y+54	; 0x36
    2a74:	8f a9       	ldd	r24, Y+55	; 0x37
    2a76:	98 ad       	ldd	r25, Y+56	; 0x38
    2a78:	20 e0       	ldi	r18, 0x00	; 0
    2a7a:	30 e0       	ldi	r19, 0x00	; 0
    2a7c:	4a e7       	ldi	r20, 0x7A	; 122
    2a7e:	53 e4       	ldi	r21, 0x43	; 67
    2a80:	0e 94 1f 02 	call	0x43e	; 0x43e <__mulsf3>
    2a84:	dc 01       	movw	r26, r24
    2a86:	cb 01       	movw	r24, r22
    2a88:	89 ab       	std	Y+49, r24	; 0x31
    2a8a:	9a ab       	std	Y+50, r25	; 0x32
    2a8c:	ab ab       	std	Y+51, r26	; 0x33
    2a8e:	bc ab       	std	Y+52, r27	; 0x34
	if (__tmp < 1.0)
    2a90:	69 a9       	ldd	r22, Y+49	; 0x31
    2a92:	7a a9       	ldd	r23, Y+50	; 0x32
    2a94:	8b a9       	ldd	r24, Y+51	; 0x33
    2a96:	9c a9       	ldd	r25, Y+52	; 0x34
    2a98:	20 e0       	ldi	r18, 0x00	; 0
    2a9a:	30 e0       	ldi	r19, 0x00	; 0
    2a9c:	40 e8       	ldi	r20, 0x80	; 128
    2a9e:	5f e3       	ldi	r21, 0x3F	; 63
    2aa0:	0e 94 d9 03 	call	0x7b2	; 0x7b2 <__ltsf2>
    2aa4:	88 23       	and	r24, r24
    2aa6:	2c f4       	brge	.+10     	; 0x2ab2 <main+0x67c>
		__ticks = 1;
    2aa8:	81 e0       	ldi	r24, 0x01	; 1
    2aaa:	90 e0       	ldi	r25, 0x00	; 0
    2aac:	98 ab       	std	Y+48, r25	; 0x30
    2aae:	8f a7       	std	Y+47, r24	; 0x2f
    2ab0:	3f c0       	rjmp	.+126    	; 0x2b30 <main+0x6fa>
	else if (__tmp > 65535)
    2ab2:	69 a9       	ldd	r22, Y+49	; 0x31
    2ab4:	7a a9       	ldd	r23, Y+50	; 0x32
    2ab6:	8b a9       	ldd	r24, Y+51	; 0x33
    2ab8:	9c a9       	ldd	r25, Y+52	; 0x34
    2aba:	20 e0       	ldi	r18, 0x00	; 0
    2abc:	3f ef       	ldi	r19, 0xFF	; 255
    2abe:	4f e7       	ldi	r20, 0x7F	; 127
    2ac0:	57 e4       	ldi	r21, 0x47	; 71
    2ac2:	0e 94 79 03 	call	0x6f2	; 0x6f2 <__gtsf2>
    2ac6:	18 16       	cp	r1, r24
    2ac8:	4c f5       	brge	.+82     	; 0x2b1c <main+0x6e6>
	{
		//	__ticks = requested delay in 1/10 ms
		__ticks = (uint16_t) (__ms * 10.0);
    2aca:	6d a9       	ldd	r22, Y+53	; 0x35
    2acc:	7e a9       	ldd	r23, Y+54	; 0x36
    2ace:	8f a9       	ldd	r24, Y+55	; 0x37
    2ad0:	98 ad       	ldd	r25, Y+56	; 0x38
    2ad2:	20 e0       	ldi	r18, 0x00	; 0
    2ad4:	30 e0       	ldi	r19, 0x00	; 0
    2ad6:	40 e2       	ldi	r20, 0x20	; 32
    2ad8:	51 e4       	ldi	r21, 0x41	; 65
    2ada:	0e 94 1f 02 	call	0x43e	; 0x43e <__mulsf3>
    2ade:	dc 01       	movw	r26, r24
    2ae0:	cb 01       	movw	r24, r22
    2ae2:	bc 01       	movw	r22, r24
    2ae4:	cd 01       	movw	r24, r26
    2ae6:	0e 94 49 00 	call	0x92	; 0x92 <__fixunssfsi>
    2aea:	dc 01       	movw	r26, r24
    2aec:	cb 01       	movw	r24, r22
    2aee:	98 ab       	std	Y+48, r25	; 0x30
    2af0:	8f a7       	std	Y+47, r24	; 0x2f
    2af2:	0f c0       	rjmp	.+30     	; 0x2b12 <main+0x6dc>
    2af4:	89 e1       	ldi	r24, 0x19	; 25
    2af6:	90 e0       	ldi	r25, 0x00	; 0
    2af8:	9e a7       	std	Y+46, r25	; 0x2e
    2afa:	8d a7       	std	Y+45, r24	; 0x2d
    2afc:	8d a5       	ldd	r24, Y+45	; 0x2d
    2afe:	9e a5       	ldd	r25, Y+46	; 0x2e
    2b00:	01 97       	sbiw	r24, 0x01	; 1
    2b02:	f1 f7       	brne	.-4      	; 0x2b00 <main+0x6ca>
    2b04:	9e a7       	std	Y+46, r25	; 0x2e
    2b06:	8d a7       	std	Y+45, r24	; 0x2d
		while(__ticks)
		{
			// wait 1/10 ms
			_delay_loop_2(((F_CPU) / 4e3) / 10);
			__ticks --;
    2b08:	8f a5       	ldd	r24, Y+47	; 0x2f
    2b0a:	98 a9       	ldd	r25, Y+48	; 0x30
    2b0c:	01 97       	sbiw	r24, 0x01	; 1
    2b0e:	98 ab       	std	Y+48, r25	; 0x30
    2b10:	8f a7       	std	Y+47, r24	; 0x2f
		__ticks = 1;
	else if (__tmp > 65535)
	{
		//	__ticks = requested delay in 1/10 ms
		__ticks = (uint16_t) (__ms * 10.0);
		while(__ticks)
    2b12:	8f a5       	ldd	r24, Y+47	; 0x2f
    2b14:	98 a9       	ldd	r25, Y+48	; 0x30
    2b16:	00 97       	sbiw	r24, 0x00	; 0
    2b18:	69 f7       	brne	.-38     	; 0x2af4 <main+0x6be>
    2b1a:	14 c0       	rjmp	.+40     	; 0x2b44 <main+0x70e>
			__ticks --;
		}
		return;
	}
	else
		__ticks = (uint16_t)__tmp;
    2b1c:	69 a9       	ldd	r22, Y+49	; 0x31
    2b1e:	7a a9       	ldd	r23, Y+50	; 0x32
    2b20:	8b a9       	ldd	r24, Y+51	; 0x33
    2b22:	9c a9       	ldd	r25, Y+52	; 0x34
    2b24:	0e 94 49 00 	call	0x92	; 0x92 <__fixunssfsi>
    2b28:	dc 01       	movw	r26, r24
    2b2a:	cb 01       	movw	r24, r22
    2b2c:	98 ab       	std	Y+48, r25	; 0x30
    2b2e:	8f a7       	std	Y+47, r24	; 0x2f
    2b30:	8f a5       	ldd	r24, Y+47	; 0x2f
    2b32:	98 a9       	ldd	r25, Y+48	; 0x30
    2b34:	9c a7       	std	Y+44, r25	; 0x2c
    2b36:	8b a7       	std	Y+43, r24	; 0x2b
    2b38:	8b a5       	ldd	r24, Y+43	; 0x2b
    2b3a:	9c a5       	ldd	r25, Y+44	; 0x2c
    2b3c:	01 97       	sbiw	r24, 0x01	; 1
    2b3e:	f1 f7       	brne	.-4      	; 0x2b3c <main+0x706>
    2b40:	9c a7       	std	Y+44, r25	; 0x2c
    2b42:	8b a7       	std	Y+43, r24	; 0x2b

        _delay_ms(3);

        H7SEG_voidOff(SEG3);
    2b44:	80 91 7a 01 	lds	r24, 0x017A
    2b48:	90 91 7b 01 	lds	r25, 0x017B
    2b4c:	a0 91 7c 01 	lds	r26, 0x017C
    2b50:	b0 91 7d 01 	lds	r27, 0x017D
    2b54:	bc 01       	movw	r22, r24
    2b56:	cd 01       	movw	r24, r26
    2b58:	0e 94 c4 11 	call	0x2388	; 0x2388 <H7SEG_voidOff>

        H7SEG_voidDisplayNumber(SEG4, L_u8MinUnits);
    2b5c:	80 91 7e 01 	lds	r24, 0x017E
    2b60:	90 91 7f 01 	lds	r25, 0x017F
    2b64:	a0 91 80 01 	lds	r26, 0x0180
    2b68:	b0 91 81 01 	lds	r27, 0x0181
    2b6c:	fe 01       	movw	r30, r28
    2b6e:	e9 5a       	subi	r30, 0xA9	; 169
    2b70:	ff 4f       	sbci	r31, 0xFF	; 255
    2b72:	bc 01       	movw	r22, r24
    2b74:	cd 01       	movw	r24, r26
    2b76:	40 81       	ld	r20, Z
    2b78:	0e 94 68 11 	call	0x22d0	; 0x22d0 <H7SEG_voidDisplayNumber>
    2b7c:	80 e0       	ldi	r24, 0x00	; 0
    2b7e:	90 e0       	ldi	r25, 0x00	; 0
    2b80:	a0 e4       	ldi	r26, 0x40	; 64
    2b82:	b0 e4       	ldi	r27, 0x40	; 64
    2b84:	8f a3       	std	Y+39, r24	; 0x27
    2b86:	98 a7       	std	Y+40, r25	; 0x28
    2b88:	a9 a7       	std	Y+41, r26	; 0x29
    2b8a:	ba a7       	std	Y+42, r27	; 0x2a
 */
void
_delay_ms(double __ms)
{
	uint16_t __ticks;
	double __tmp = ((F_CPU) / 4e3) * __ms;
    2b8c:	6f a1       	ldd	r22, Y+39	; 0x27
    2b8e:	78 a5       	ldd	r23, Y+40	; 0x28
    2b90:	89 a5       	ldd	r24, Y+41	; 0x29
    2b92:	9a a5       	ldd	r25, Y+42	; 0x2a
    2b94:	20 e0       	ldi	r18, 0x00	; 0
    2b96:	30 e0       	ldi	r19, 0x00	; 0
    2b98:	4a e7       	ldi	r20, 0x7A	; 122
    2b9a:	53 e4       	ldi	r21, 0x43	; 67
    2b9c:	0e 94 1f 02 	call	0x43e	; 0x43e <__mulsf3>
    2ba0:	dc 01       	movw	r26, r24
    2ba2:	cb 01       	movw	r24, r22
    2ba4:	8b a3       	std	Y+35, r24	; 0x23
    2ba6:	9c a3       	std	Y+36, r25	; 0x24
    2ba8:	ad a3       	std	Y+37, r26	; 0x25
    2baa:	be a3       	std	Y+38, r27	; 0x26
	if (__tmp < 1.0)
    2bac:	6b a1       	ldd	r22, Y+35	; 0x23
    2bae:	7c a1       	ldd	r23, Y+36	; 0x24
    2bb0:	8d a1       	ldd	r24, Y+37	; 0x25
    2bb2:	9e a1       	ldd	r25, Y+38	; 0x26
    2bb4:	20 e0       	ldi	r18, 0x00	; 0
    2bb6:	30 e0       	ldi	r19, 0x00	; 0
    2bb8:	40 e8       	ldi	r20, 0x80	; 128
    2bba:	5f e3       	ldi	r21, 0x3F	; 63
    2bbc:	0e 94 d9 03 	call	0x7b2	; 0x7b2 <__ltsf2>
    2bc0:	88 23       	and	r24, r24
    2bc2:	2c f4       	brge	.+10     	; 0x2bce <main+0x798>
		__ticks = 1;
    2bc4:	81 e0       	ldi	r24, 0x01	; 1
    2bc6:	90 e0       	ldi	r25, 0x00	; 0
    2bc8:	9a a3       	std	Y+34, r25	; 0x22
    2bca:	89 a3       	std	Y+33, r24	; 0x21
    2bcc:	3f c0       	rjmp	.+126    	; 0x2c4c <main+0x816>
	else if (__tmp > 65535)
    2bce:	6b a1       	ldd	r22, Y+35	; 0x23
    2bd0:	7c a1       	ldd	r23, Y+36	; 0x24
    2bd2:	8d a1       	ldd	r24, Y+37	; 0x25
    2bd4:	9e a1       	ldd	r25, Y+38	; 0x26
    2bd6:	20 e0       	ldi	r18, 0x00	; 0
    2bd8:	3f ef       	ldi	r19, 0xFF	; 255
    2bda:	4f e7       	ldi	r20, 0x7F	; 127
    2bdc:	57 e4       	ldi	r21, 0x47	; 71
    2bde:	0e 94 79 03 	call	0x6f2	; 0x6f2 <__gtsf2>
    2be2:	18 16       	cp	r1, r24
    2be4:	4c f5       	brge	.+82     	; 0x2c38 <main+0x802>
	{
		//	__ticks = requested delay in 1/10 ms
		__ticks = (uint16_t) (__ms * 10.0);
    2be6:	6f a1       	ldd	r22, Y+39	; 0x27
    2be8:	78 a5       	ldd	r23, Y+40	; 0x28
    2bea:	89 a5       	ldd	r24, Y+41	; 0x29
    2bec:	9a a5       	ldd	r25, Y+42	; 0x2a
    2bee:	20 e0       	ldi	r18, 0x00	; 0
    2bf0:	30 e0       	ldi	r19, 0x00	; 0
    2bf2:	40 e2       	ldi	r20, 0x20	; 32
    2bf4:	51 e4       	ldi	r21, 0x41	; 65
    2bf6:	0e 94 1f 02 	call	0x43e	; 0x43e <__mulsf3>
    2bfa:	dc 01       	movw	r26, r24
    2bfc:	cb 01       	movw	r24, r22
    2bfe:	bc 01       	movw	r22, r24
    2c00:	cd 01       	movw	r24, r26
    2c02:	0e 94 49 00 	call	0x92	; 0x92 <__fixunssfsi>
    2c06:	dc 01       	movw	r26, r24
    2c08:	cb 01       	movw	r24, r22
    2c0a:	9a a3       	std	Y+34, r25	; 0x22
    2c0c:	89 a3       	std	Y+33, r24	; 0x21
    2c0e:	0f c0       	rjmp	.+30     	; 0x2c2e <main+0x7f8>
    2c10:	89 e1       	ldi	r24, 0x19	; 25
    2c12:	90 e0       	ldi	r25, 0x00	; 0
    2c14:	98 a3       	std	Y+32, r25	; 0x20
    2c16:	8f 8f       	std	Y+31, r24	; 0x1f
    2c18:	8f 8d       	ldd	r24, Y+31	; 0x1f
    2c1a:	98 a1       	ldd	r25, Y+32	; 0x20
    2c1c:	01 97       	sbiw	r24, 0x01	; 1
    2c1e:	f1 f7       	brne	.-4      	; 0x2c1c <main+0x7e6>
    2c20:	98 a3       	std	Y+32, r25	; 0x20
    2c22:	8f 8f       	std	Y+31, r24	; 0x1f
		while(__ticks)
		{
			// wait 1/10 ms
			_delay_loop_2(((F_CPU) / 4e3) / 10);
			__ticks --;
    2c24:	89 a1       	ldd	r24, Y+33	; 0x21
    2c26:	9a a1       	ldd	r25, Y+34	; 0x22
    2c28:	01 97       	sbiw	r24, 0x01	; 1
    2c2a:	9a a3       	std	Y+34, r25	; 0x22
    2c2c:	89 a3       	std	Y+33, r24	; 0x21
		__ticks = 1;
	else if (__tmp > 65535)
	{
		//	__ticks = requested delay in 1/10 ms
		__ticks = (uint16_t) (__ms * 10.0);
		while(__ticks)
    2c2e:	89 a1       	ldd	r24, Y+33	; 0x21
    2c30:	9a a1       	ldd	r25, Y+34	; 0x22
    2c32:	00 97       	sbiw	r24, 0x00	; 0
    2c34:	69 f7       	brne	.-38     	; 0x2c10 <main+0x7da>
    2c36:	14 c0       	rjmp	.+40     	; 0x2c60 <main+0x82a>
			__ticks --;
		}
		return;
	}
	else
		__ticks = (uint16_t)__tmp;
    2c38:	6b a1       	ldd	r22, Y+35	; 0x23
    2c3a:	7c a1       	ldd	r23, Y+36	; 0x24
    2c3c:	8d a1       	ldd	r24, Y+37	; 0x25
    2c3e:	9e a1       	ldd	r25, Y+38	; 0x26
    2c40:	0e 94 49 00 	call	0x92	; 0x92 <__fixunssfsi>
    2c44:	dc 01       	movw	r26, r24
    2c46:	cb 01       	movw	r24, r22
    2c48:	9a a3       	std	Y+34, r25	; 0x22
    2c4a:	89 a3       	std	Y+33, r24	; 0x21
    2c4c:	89 a1       	ldd	r24, Y+33	; 0x21
    2c4e:	9a a1       	ldd	r25, Y+34	; 0x22
    2c50:	9e 8f       	std	Y+30, r25	; 0x1e
    2c52:	8d 8f       	std	Y+29, r24	; 0x1d
    2c54:	8d 8d       	ldd	r24, Y+29	; 0x1d
    2c56:	9e 8d       	ldd	r25, Y+30	; 0x1e
    2c58:	01 97       	sbiw	r24, 0x01	; 1
    2c5a:	f1 f7       	brne	.-4      	; 0x2c58 <main+0x822>
    2c5c:	9e 8f       	std	Y+30, r25	; 0x1e
    2c5e:	8d 8f       	std	Y+29, r24	; 0x1d

        _delay_ms(3);

        H7SEG_voidOff(SEG4);
    2c60:	80 91 7e 01 	lds	r24, 0x017E
    2c64:	90 91 7f 01 	lds	r25, 0x017F
    2c68:	a0 91 80 01 	lds	r26, 0x0180
    2c6c:	b0 91 81 01 	lds	r27, 0x0181
    2c70:	bc 01       	movw	r22, r24
    2c72:	cd 01       	movw	r24, r26
    2c74:	0e 94 c4 11 	call	0x2388	; 0x2388 <H7SEG_voidOff>

        H7SEG_voidDisplayNumber(SEG1, L_u8SecTens);
    2c78:	80 91 72 01 	lds	r24, 0x0172
    2c7c:	90 91 73 01 	lds	r25, 0x0173
    2c80:	a0 91 74 01 	lds	r26, 0x0174
    2c84:	b0 91 75 01 	lds	r27, 0x0175
    2c88:	fe 01       	movw	r30, r28
    2c8a:	e6 5a       	subi	r30, 0xA6	; 166
    2c8c:	ff 4f       	sbci	r31, 0xFF	; 255
    2c8e:	bc 01       	movw	r22, r24
    2c90:	cd 01       	movw	r24, r26
    2c92:	40 81       	ld	r20, Z
    2c94:	0e 94 68 11 	call	0x22d0	; 0x22d0 <H7SEG_voidDisplayNumber>
    2c98:	80 e0       	ldi	r24, 0x00	; 0
    2c9a:	90 e0       	ldi	r25, 0x00	; 0
    2c9c:	a0 e4       	ldi	r26, 0x40	; 64
    2c9e:	b0 e4       	ldi	r27, 0x40	; 64
    2ca0:	89 8f       	std	Y+25, r24	; 0x19
    2ca2:	9a 8f       	std	Y+26, r25	; 0x1a
    2ca4:	ab 8f       	std	Y+27, r26	; 0x1b
    2ca6:	bc 8f       	std	Y+28, r27	; 0x1c
 */
void
_delay_ms(double __ms)
{
	uint16_t __ticks;
	double __tmp = ((F_CPU) / 4e3) * __ms;
    2ca8:	69 8d       	ldd	r22, Y+25	; 0x19
    2caa:	7a 8d       	ldd	r23, Y+26	; 0x1a
    2cac:	8b 8d       	ldd	r24, Y+27	; 0x1b
    2cae:	9c 8d       	ldd	r25, Y+28	; 0x1c
    2cb0:	20 e0       	ldi	r18, 0x00	; 0
    2cb2:	30 e0       	ldi	r19, 0x00	; 0
    2cb4:	4a e7       	ldi	r20, 0x7A	; 122
    2cb6:	53 e4       	ldi	r21, 0x43	; 67
    2cb8:	0e 94 1f 02 	call	0x43e	; 0x43e <__mulsf3>
    2cbc:	dc 01       	movw	r26, r24
    2cbe:	cb 01       	movw	r24, r22
    2cc0:	8d 8b       	std	Y+21, r24	; 0x15
    2cc2:	9e 8b       	std	Y+22, r25	; 0x16
    2cc4:	af 8b       	std	Y+23, r26	; 0x17
    2cc6:	b8 8f       	std	Y+24, r27	; 0x18
	if (__tmp < 1.0)
    2cc8:	6d 89       	ldd	r22, Y+21	; 0x15
    2cca:	7e 89       	ldd	r23, Y+22	; 0x16
    2ccc:	8f 89       	ldd	r24, Y+23	; 0x17
    2cce:	98 8d       	ldd	r25, Y+24	; 0x18
    2cd0:	20 e0       	ldi	r18, 0x00	; 0
    2cd2:	30 e0       	ldi	r19, 0x00	; 0
    2cd4:	40 e8       	ldi	r20, 0x80	; 128
    2cd6:	5f e3       	ldi	r21, 0x3F	; 63
    2cd8:	0e 94 d9 03 	call	0x7b2	; 0x7b2 <__ltsf2>
    2cdc:	88 23       	and	r24, r24
    2cde:	2c f4       	brge	.+10     	; 0x2cea <main+0x8b4>
		__ticks = 1;
    2ce0:	81 e0       	ldi	r24, 0x01	; 1
    2ce2:	90 e0       	ldi	r25, 0x00	; 0
    2ce4:	9c 8b       	std	Y+20, r25	; 0x14
    2ce6:	8b 8b       	std	Y+19, r24	; 0x13
    2ce8:	3f c0       	rjmp	.+126    	; 0x2d68 <main+0x932>
	else if (__tmp > 65535)
    2cea:	6d 89       	ldd	r22, Y+21	; 0x15
    2cec:	7e 89       	ldd	r23, Y+22	; 0x16
    2cee:	8f 89       	ldd	r24, Y+23	; 0x17
    2cf0:	98 8d       	ldd	r25, Y+24	; 0x18
    2cf2:	20 e0       	ldi	r18, 0x00	; 0
    2cf4:	3f ef       	ldi	r19, 0xFF	; 255
    2cf6:	4f e7       	ldi	r20, 0x7F	; 127
    2cf8:	57 e4       	ldi	r21, 0x47	; 71
    2cfa:	0e 94 79 03 	call	0x6f2	; 0x6f2 <__gtsf2>
    2cfe:	18 16       	cp	r1, r24
    2d00:	4c f5       	brge	.+82     	; 0x2d54 <main+0x91e>
	{
		//	__ticks = requested delay in 1/10 ms
		__ticks = (uint16_t) (__ms * 10.0);
    2d02:	69 8d       	ldd	r22, Y+25	; 0x19
    2d04:	7a 8d       	ldd	r23, Y+26	; 0x1a
    2d06:	8b 8d       	ldd	r24, Y+27	; 0x1b
    2d08:	9c 8d       	ldd	r25, Y+28	; 0x1c
    2d0a:	20 e0       	ldi	r18, 0x00	; 0
    2d0c:	30 e0       	ldi	r19, 0x00	; 0
    2d0e:	40 e2       	ldi	r20, 0x20	; 32
    2d10:	51 e4       	ldi	r21, 0x41	; 65
    2d12:	0e 94 1f 02 	call	0x43e	; 0x43e <__mulsf3>
    2d16:	dc 01       	movw	r26, r24
    2d18:	cb 01       	movw	r24, r22
    2d1a:	bc 01       	movw	r22, r24
    2d1c:	cd 01       	movw	r24, r26
    2d1e:	0e 94 49 00 	call	0x92	; 0x92 <__fixunssfsi>
    2d22:	dc 01       	movw	r26, r24
    2d24:	cb 01       	movw	r24, r22
    2d26:	9c 8b       	std	Y+20, r25	; 0x14
    2d28:	8b 8b       	std	Y+19, r24	; 0x13
    2d2a:	0f c0       	rjmp	.+30     	; 0x2d4a <main+0x914>
    2d2c:	89 e1       	ldi	r24, 0x19	; 25
    2d2e:	90 e0       	ldi	r25, 0x00	; 0
    2d30:	9a 8b       	std	Y+18, r25	; 0x12
    2d32:	89 8b       	std	Y+17, r24	; 0x11
    2d34:	89 89       	ldd	r24, Y+17	; 0x11
    2d36:	9a 89       	ldd	r25, Y+18	; 0x12
    2d38:	01 97       	sbiw	r24, 0x01	; 1
    2d3a:	f1 f7       	brne	.-4      	; 0x2d38 <main+0x902>
    2d3c:	9a 8b       	std	Y+18, r25	; 0x12
    2d3e:	89 8b       	std	Y+17, r24	; 0x11
		while(__ticks)
		{
			// wait 1/10 ms
			_delay_loop_2(((F_CPU) / 4e3) / 10);
			__ticks --;
    2d40:	8b 89       	ldd	r24, Y+19	; 0x13
    2d42:	9c 89       	ldd	r25, Y+20	; 0x14
    2d44:	01 97       	sbiw	r24, 0x01	; 1
    2d46:	9c 8b       	std	Y+20, r25	; 0x14
    2d48:	8b 8b       	std	Y+19, r24	; 0x13
		__ticks = 1;
	else if (__tmp > 65535)
	{
		//	__ticks = requested delay in 1/10 ms
		__ticks = (uint16_t) (__ms * 10.0);
		while(__ticks)
    2d4a:	8b 89       	ldd	r24, Y+19	; 0x13
    2d4c:	9c 89       	ldd	r25, Y+20	; 0x14
    2d4e:	00 97       	sbiw	r24, 0x00	; 0
    2d50:	69 f7       	brne	.-38     	; 0x2d2c <main+0x8f6>
    2d52:	14 c0       	rjmp	.+40     	; 0x2d7c <main+0x946>
			__ticks --;
		}
		return;
	}
	else
		__ticks = (uint16_t)__tmp;
    2d54:	6d 89       	ldd	r22, Y+21	; 0x15
    2d56:	7e 89       	ldd	r23, Y+22	; 0x16
    2d58:	8f 89       	ldd	r24, Y+23	; 0x17
    2d5a:	98 8d       	ldd	r25, Y+24	; 0x18
    2d5c:	0e 94 49 00 	call	0x92	; 0x92 <__fixunssfsi>
    2d60:	dc 01       	movw	r26, r24
    2d62:	cb 01       	movw	r24, r22
    2d64:	9c 8b       	std	Y+20, r25	; 0x14
    2d66:	8b 8b       	std	Y+19, r24	; 0x13
    2d68:	8b 89       	ldd	r24, Y+19	; 0x13
    2d6a:	9c 89       	ldd	r25, Y+20	; 0x14
    2d6c:	98 8b       	std	Y+16, r25	; 0x10
    2d6e:	8f 87       	std	Y+15, r24	; 0x0f
    2d70:	8f 85       	ldd	r24, Y+15	; 0x0f
    2d72:	98 89       	ldd	r25, Y+16	; 0x10
    2d74:	01 97       	sbiw	r24, 0x01	; 1
    2d76:	f1 f7       	brne	.-4      	; 0x2d74 <main+0x93e>
    2d78:	98 8b       	std	Y+16, r25	; 0x10
    2d7a:	8f 87       	std	Y+15, r24	; 0x0f

        _delay_ms(3);


        H7SEG_voidOff(SEG1);
    2d7c:	80 91 72 01 	lds	r24, 0x0172
    2d80:	90 91 73 01 	lds	r25, 0x0173
    2d84:	a0 91 74 01 	lds	r26, 0x0174
    2d88:	b0 91 75 01 	lds	r27, 0x0175
    2d8c:	bc 01       	movw	r22, r24
    2d8e:	cd 01       	movw	r24, r26
    2d90:	0e 94 c4 11 	call	0x2388	; 0x2388 <H7SEG_voidOff>

        H7SEG_voidDisplayNumber(SEG2, L_u8SecUnits);
    2d94:	80 91 76 01 	lds	r24, 0x0176
    2d98:	90 91 77 01 	lds	r25, 0x0177
    2d9c:	a0 91 78 01 	lds	r26, 0x0178
    2da0:	b0 91 79 01 	lds	r27, 0x0179
    2da4:	fe 01       	movw	r30, r28
    2da6:	e7 5a       	subi	r30, 0xA7	; 167
    2da8:	ff 4f       	sbci	r31, 0xFF	; 255
    2daa:	bc 01       	movw	r22, r24
    2dac:	cd 01       	movw	r24, r26
    2dae:	40 81       	ld	r20, Z
    2db0:	0e 94 68 11 	call	0x22d0	; 0x22d0 <H7SEG_voidDisplayNumber>
    2db4:	80 e0       	ldi	r24, 0x00	; 0
    2db6:	90 e0       	ldi	r25, 0x00	; 0
    2db8:	a0 e4       	ldi	r26, 0x40	; 64
    2dba:	b0 e4       	ldi	r27, 0x40	; 64
    2dbc:	8b 87       	std	Y+11, r24	; 0x0b
    2dbe:	9c 87       	std	Y+12, r25	; 0x0c
    2dc0:	ad 87       	std	Y+13, r26	; 0x0d
    2dc2:	be 87       	std	Y+14, r27	; 0x0e
 */
void
_delay_ms(double __ms)
{
	uint16_t __ticks;
	double __tmp = ((F_CPU) / 4e3) * __ms;
    2dc4:	6b 85       	ldd	r22, Y+11	; 0x0b
    2dc6:	7c 85       	ldd	r23, Y+12	; 0x0c
    2dc8:	8d 85       	ldd	r24, Y+13	; 0x0d
    2dca:	9e 85       	ldd	r25, Y+14	; 0x0e
    2dcc:	20 e0       	ldi	r18, 0x00	; 0
    2dce:	30 e0       	ldi	r19, 0x00	; 0
    2dd0:	4a e7       	ldi	r20, 0x7A	; 122
    2dd2:	53 e4       	ldi	r21, 0x43	; 67
    2dd4:	0e 94 1f 02 	call	0x43e	; 0x43e <__mulsf3>
    2dd8:	dc 01       	movw	r26, r24
    2dda:	cb 01       	movw	r24, r22
    2ddc:	8f 83       	std	Y+7, r24	; 0x07
    2dde:	98 87       	std	Y+8, r25	; 0x08
    2de0:	a9 87       	std	Y+9, r26	; 0x09
    2de2:	ba 87       	std	Y+10, r27	; 0x0a
	if (__tmp < 1.0)
    2de4:	6f 81       	ldd	r22, Y+7	; 0x07
    2de6:	78 85       	ldd	r23, Y+8	; 0x08
    2de8:	89 85       	ldd	r24, Y+9	; 0x09
    2dea:	9a 85       	ldd	r25, Y+10	; 0x0a
    2dec:	20 e0       	ldi	r18, 0x00	; 0
    2dee:	30 e0       	ldi	r19, 0x00	; 0
    2df0:	40 e8       	ldi	r20, 0x80	; 128
    2df2:	5f e3       	ldi	r21, 0x3F	; 63
    2df4:	0e 94 d9 03 	call	0x7b2	; 0x7b2 <__ltsf2>
    2df8:	88 23       	and	r24, r24
    2dfa:	2c f4       	brge	.+10     	; 0x2e06 <main+0x9d0>
		__ticks = 1;
    2dfc:	81 e0       	ldi	r24, 0x01	; 1
    2dfe:	90 e0       	ldi	r25, 0x00	; 0
    2e00:	9e 83       	std	Y+6, r25	; 0x06
    2e02:	8d 83       	std	Y+5, r24	; 0x05
    2e04:	3f c0       	rjmp	.+126    	; 0x2e84 <main+0xa4e>
	else if (__tmp > 65535)
    2e06:	6f 81       	ldd	r22, Y+7	; 0x07
    2e08:	78 85       	ldd	r23, Y+8	; 0x08
    2e0a:	89 85       	ldd	r24, Y+9	; 0x09
    2e0c:	9a 85       	ldd	r25, Y+10	; 0x0a
    2e0e:	20 e0       	ldi	r18, 0x00	; 0
    2e10:	3f ef       	ldi	r19, 0xFF	; 255
    2e12:	4f e7       	ldi	r20, 0x7F	; 127
    2e14:	57 e4       	ldi	r21, 0x47	; 71
    2e16:	0e 94 79 03 	call	0x6f2	; 0x6f2 <__gtsf2>
    2e1a:	18 16       	cp	r1, r24
    2e1c:	4c f5       	brge	.+82     	; 0x2e70 <main+0xa3a>
	{
		//	__ticks = requested delay in 1/10 ms
		__ticks = (uint16_t) (__ms * 10.0);
    2e1e:	6b 85       	ldd	r22, Y+11	; 0x0b
    2e20:	7c 85       	ldd	r23, Y+12	; 0x0c
    2e22:	8d 85       	ldd	r24, Y+13	; 0x0d
    2e24:	9e 85       	ldd	r25, Y+14	; 0x0e
    2e26:	20 e0       	ldi	r18, 0x00	; 0
    2e28:	30 e0       	ldi	r19, 0x00	; 0
    2e2a:	40 e2       	ldi	r20, 0x20	; 32
    2e2c:	51 e4       	ldi	r21, 0x41	; 65
    2e2e:	0e 94 1f 02 	call	0x43e	; 0x43e <__mulsf3>
    2e32:	dc 01       	movw	r26, r24
    2e34:	cb 01       	movw	r24, r22
    2e36:	bc 01       	movw	r22, r24
    2e38:	cd 01       	movw	r24, r26
    2e3a:	0e 94 49 00 	call	0x92	; 0x92 <__fixunssfsi>
    2e3e:	dc 01       	movw	r26, r24
    2e40:	cb 01       	movw	r24, r22
    2e42:	9e 83       	std	Y+6, r25	; 0x06
    2e44:	8d 83       	std	Y+5, r24	; 0x05
    2e46:	0f c0       	rjmp	.+30     	; 0x2e66 <main+0xa30>
    2e48:	89 e1       	ldi	r24, 0x19	; 25
    2e4a:	90 e0       	ldi	r25, 0x00	; 0
    2e4c:	9c 83       	std	Y+4, r25	; 0x04
    2e4e:	8b 83       	std	Y+3, r24	; 0x03
    2e50:	8b 81       	ldd	r24, Y+3	; 0x03
    2e52:	9c 81       	ldd	r25, Y+4	; 0x04
    2e54:	01 97       	sbiw	r24, 0x01	; 1
    2e56:	f1 f7       	brne	.-4      	; 0x2e54 <main+0xa1e>
    2e58:	9c 83       	std	Y+4, r25	; 0x04
    2e5a:	8b 83       	std	Y+3, r24	; 0x03
		while(__ticks)
		{
			// wait 1/10 ms
			_delay_loop_2(((F_CPU) / 4e3) / 10);
			__ticks --;
    2e5c:	8d 81       	ldd	r24, Y+5	; 0x05
    2e5e:	9e 81       	ldd	r25, Y+6	; 0x06
    2e60:	01 97       	sbiw	r24, 0x01	; 1
    2e62:	9e 83       	std	Y+6, r25	; 0x06
    2e64:	8d 83       	std	Y+5, r24	; 0x05
		__ticks = 1;
	else if (__tmp > 65535)
	{
		//	__ticks = requested delay in 1/10 ms
		__ticks = (uint16_t) (__ms * 10.0);
		while(__ticks)
    2e66:	8d 81       	ldd	r24, Y+5	; 0x05
    2e68:	9e 81       	ldd	r25, Y+6	; 0x06
    2e6a:	00 97       	sbiw	r24, 0x00	; 0
    2e6c:	69 f7       	brne	.-38     	; 0x2e48 <main+0xa12>
    2e6e:	a1 cb       	rjmp	.-2238   	; 0x25b2 <main+0x17c>
			__ticks --;
		}
		return;
	}
	else
		__ticks = (uint16_t)__tmp;
    2e70:	6f 81       	ldd	r22, Y+7	; 0x07
    2e72:	78 85       	ldd	r23, Y+8	; 0x08
    2e74:	89 85       	ldd	r24, Y+9	; 0x09
    2e76:	9a 85       	ldd	r25, Y+10	; 0x0a
    2e78:	0e 94 49 00 	call	0x92	; 0x92 <__fixunssfsi>
    2e7c:	dc 01       	movw	r26, r24
    2e7e:	cb 01       	movw	r24, r22
    2e80:	9e 83       	std	Y+6, r25	; 0x06
    2e82:	8d 83       	std	Y+5, r24	; 0x05
    2e84:	8d 81       	ldd	r24, Y+5	; 0x05
    2e86:	9e 81       	ldd	r25, Y+6	; 0x06
    2e88:	9a 83       	std	Y+2, r25	; 0x02
    2e8a:	89 83       	std	Y+1, r24	; 0x01
    2e8c:	89 81       	ldd	r24, Y+1	; 0x01
    2e8e:	9a 81       	ldd	r25, Y+2	; 0x02
    2e90:	01 97       	sbiw	r24, 0x01	; 1
    2e92:	f1 f7       	brne	.-4      	; 0x2e90 <main+0xa5a>
    2e94:	9a 83       	std	Y+2, r25	; 0x02
    2e96:	89 83       	std	Y+1, r24	; 0x01
    2e98:	8c cb       	rjmp	.-2280   	; 0x25b2 <main+0x17c>

00002e9a <__udivmodqi4>:
    2e9a:	99 1b       	sub	r25, r25
    2e9c:	79 e0       	ldi	r23, 0x09	; 9
    2e9e:	04 c0       	rjmp	.+8      	; 0x2ea8 <__udivmodqi4_ep>

00002ea0 <__udivmodqi4_loop>:
    2ea0:	99 1f       	adc	r25, r25
    2ea2:	96 17       	cp	r25, r22
    2ea4:	08 f0       	brcs	.+2      	; 0x2ea8 <__udivmodqi4_ep>
    2ea6:	96 1b       	sub	r25, r22

00002ea8 <__udivmodqi4_ep>:
    2ea8:	88 1f       	adc	r24, r24
    2eaa:	7a 95       	dec	r23
    2eac:	c9 f7       	brne	.-14     	; 0x2ea0 <__udivmodqi4_loop>
    2eae:	80 95       	com	r24
    2eb0:	08 95       	ret

00002eb2 <__udivmodsi4>:
    2eb2:	a1 e2       	ldi	r26, 0x21	; 33
    2eb4:	1a 2e       	mov	r1, r26
    2eb6:	aa 1b       	sub	r26, r26
    2eb8:	bb 1b       	sub	r27, r27
    2eba:	fd 01       	movw	r30, r26
    2ebc:	0d c0       	rjmp	.+26     	; 0x2ed8 <__udivmodsi4_ep>

00002ebe <__udivmodsi4_loop>:
    2ebe:	aa 1f       	adc	r26, r26
    2ec0:	bb 1f       	adc	r27, r27
    2ec2:	ee 1f       	adc	r30, r30
    2ec4:	ff 1f       	adc	r31, r31
    2ec6:	a2 17       	cp	r26, r18
    2ec8:	b3 07       	cpc	r27, r19
    2eca:	e4 07       	cpc	r30, r20
    2ecc:	f5 07       	cpc	r31, r21
    2ece:	20 f0       	brcs	.+8      	; 0x2ed8 <__udivmodsi4_ep>
    2ed0:	a2 1b       	sub	r26, r18
    2ed2:	b3 0b       	sbc	r27, r19
    2ed4:	e4 0b       	sbc	r30, r20
    2ed6:	f5 0b       	sbc	r31, r21

00002ed8 <__udivmodsi4_ep>:
    2ed8:	66 1f       	adc	r22, r22
    2eda:	77 1f       	adc	r23, r23
    2edc:	88 1f       	adc	r24, r24
    2ede:	99 1f       	adc	r25, r25
    2ee0:	1a 94       	dec	r1
    2ee2:	69 f7       	brne	.-38     	; 0x2ebe <__udivmodsi4_loop>
    2ee4:	60 95       	com	r22
    2ee6:	70 95       	com	r23
    2ee8:	80 95       	com	r24
    2eea:	90 95       	com	r25
    2eec:	9b 01       	movw	r18, r22
    2eee:	ac 01       	movw	r20, r24
    2ef0:	bd 01       	movw	r22, r26
    2ef2:	cf 01       	movw	r24, r30
    2ef4:	08 95       	ret

00002ef6 <__prologue_saves__>:
    2ef6:	2f 92       	push	r2
    2ef8:	3f 92       	push	r3
    2efa:	4f 92       	push	r4
    2efc:	5f 92       	push	r5
    2efe:	6f 92       	push	r6
    2f00:	7f 92       	push	r7
    2f02:	8f 92       	push	r8
    2f04:	9f 92       	push	r9
    2f06:	af 92       	push	r10
    2f08:	bf 92       	push	r11
    2f0a:	cf 92       	push	r12
    2f0c:	df 92       	push	r13
    2f0e:	ef 92       	push	r14
    2f10:	ff 92       	push	r15
    2f12:	0f 93       	push	r16
    2f14:	1f 93       	push	r17
    2f16:	cf 93       	push	r28
    2f18:	df 93       	push	r29
    2f1a:	cd b7       	in	r28, 0x3d	; 61
    2f1c:	de b7       	in	r29, 0x3e	; 62
    2f1e:	ca 1b       	sub	r28, r26
    2f20:	db 0b       	sbc	r29, r27
    2f22:	0f b6       	in	r0, 0x3f	; 63
    2f24:	f8 94       	cli
    2f26:	de bf       	out	0x3e, r29	; 62
    2f28:	0f be       	out	0x3f, r0	; 63
    2f2a:	cd bf       	out	0x3d, r28	; 61
    2f2c:	09 94       	ijmp

00002f2e <__epilogue_restores__>:
    2f2e:	2a 88       	ldd	r2, Y+18	; 0x12
    2f30:	39 88       	ldd	r3, Y+17	; 0x11
    2f32:	48 88       	ldd	r4, Y+16	; 0x10
    2f34:	5f 84       	ldd	r5, Y+15	; 0x0f
    2f36:	6e 84       	ldd	r6, Y+14	; 0x0e
    2f38:	7d 84       	ldd	r7, Y+13	; 0x0d
    2f3a:	8c 84       	ldd	r8, Y+12	; 0x0c
    2f3c:	9b 84       	ldd	r9, Y+11	; 0x0b
    2f3e:	aa 84       	ldd	r10, Y+10	; 0x0a
    2f40:	b9 84       	ldd	r11, Y+9	; 0x09
    2f42:	c8 84       	ldd	r12, Y+8	; 0x08
    2f44:	df 80       	ldd	r13, Y+7	; 0x07
    2f46:	ee 80       	ldd	r14, Y+6	; 0x06
    2f48:	fd 80       	ldd	r15, Y+5	; 0x05
    2f4a:	0c 81       	ldd	r16, Y+4	; 0x04
    2f4c:	1b 81       	ldd	r17, Y+3	; 0x03
    2f4e:	aa 81       	ldd	r26, Y+2	; 0x02
    2f50:	b9 81       	ldd	r27, Y+1	; 0x01
    2f52:	ce 0f       	add	r28, r30
    2f54:	d1 1d       	adc	r29, r1
    2f56:	0f b6       	in	r0, 0x3f	; 63
    2f58:	f8 94       	cli
    2f5a:	de bf       	out	0x3e, r29	; 62
    2f5c:	0f be       	out	0x3f, r0	; 63
    2f5e:	cd bf       	out	0x3d, r28	; 61
    2f60:	ed 01       	movw	r28, r26
    2f62:	08 95       	ret

00002f64 <_exit>:
    2f64:	f8 94       	cli

00002f66 <__stop_program>:
    2f66:	ff cf       	rjmp	.-2      	; 0x2f66 <__stop_program>
